,index,ENTRY_FIELD,TYPE,CONTEXT,FIELD_DESC,XMIN,YMIN,XMAX,YMAX,PAGE,ENTRY
0,0,1040_1_L_H1_V1,A,DATA,TAX_MONTH_BEGINNING,862,202,1003,238,1,"[[  8  15   0 ...  87 106  42]
 [  0   0   0 ...   0   0   0]
 [  0   0 207 ...   0   0   0]
 ...
 [  0   0   0 ... 175   0   0]
 [  0  19  75 ...   0   0   0]
 [ 96 255 255 ...  96  64 236]]"
1,1,1040_1_L_H2_V1,A,DATA,TAX_MONTH_ENDING,1127,202,1311,238,1,"[[162 207 215 ...   0   0   0]
 [  0   0   0 ...   0   0   0]
 [  0   0   0 ... 159 151 135]
 ...
 [ 88  12   0 ... 185 255 255]
 [  0   0   0 ...   0  40 143]
 [  0   0   0 ...   0   0   0]]"
2,2,1040_1_L_H3_V1,A,DATA,TAX_YEAR,1328,202,1417,238,1,"[[  0   0  40 ...  64  36   0]
 [  0   0   0 ...   0   0   0]
 [223 215 207 ...   0   0   0]
 ...
 [255 255 255 ... 255 253 101]
 [ 99  64  72 ... 255 231   0]
 [ 40   0   0 ...  74   0   0]]"
3,3,1040_1_L_H1_V2,A,NAME,NAME,420,259,1318,303,1,"[[ 48   0   0 ... 255 178   0]
 [255   0   0 ... 255 255   0]
 [255   0   0 ... 255 255   0]
 ...
 [255   0   0 ...   0   0   0]
 [255   0   0 ...   0   0   0]
 [255   0   0 ...   9   0   0]]"
4,4,1040_1_L_H2_V2,A,SSN,SSN,1329,259,1620,303,1,"[[255 255 255 ... 255 255 255]
 [255 255 255 ... 255 255 255]
 [255 255 255 ... 255 255 255]
 ...
 [ 77   0   0 ...   0   0 255]
 [  0   0   0 ...   0   0 128]
 [  0   0   0 ...   0  14 241]]"
5,5,1040_1_L_H1_V3,A,DATA,HOME_ADDRESS,420,326,1318,370,1,"[[  0   0   0 ... 112   0   0]
 [  0   0   0 ... 104   0   0]
 [  0   0   0 ...  88   0   0]
 ...
 [  0   0   0 ...   0   0   0]
 [  0   0   0 ...   0   0   0]
 [  0   0   0 ...   0   0   0]]"
6,6,1040_1_L_H2_V3,A,SSN,SPOUSE_SSN,1329,326,1620,370,1,"[[255 255 255 ... 255 255 255]
 [255 255 255 ... 255 255 255]
 [255 255 255 ... 255 255 255]
 ...
 [ 40  48 255 ... 134 255 255]
 [  0   0   0 ...   0 255 255]
 [  0   0   0 ...  40 255 255]]"
7,7,1040_1_L_H1_V4,A,DATA,CITY_STATE_AND_ZIPCODE,420,394,1318,434,1,"[[  0   0  11 ...  56   0   0]
 [  0   0  96 ...  48   0   0]
 [  0   0  98 ... 206   0   0]
 ...
 [255 255 255 ... 255 255 255]
 [255 255 255 ... 255 255 255]
 [255 255 255 ... 255 255 255]]"
8,8,1040_1_L_H1_V5,ICON,DATA,PRESIDENTIAL_FUND_DONATION_YES,1078,437,1134,467,1,"[[  0   0 239 ...   8   0   0]
 [ 68 255 255 ... 251 195 112]
 [143 255 255 ... 255 255 255]
 ...
 [108 255 255 ... 255 255 255]
 [  0 255 255 ... 255 255 255]
 [  0  52 159 ... 255 255 255]]"
9,9,1040_1_L_H2_V5,ICON,DATA,PRESIDENTIAL_FUND_DONATION_NO,1258,437,1325,467,1,"[[104  74  48 ... 255 255 255]
 [224 255 255 ... 255 255 255]
 [255 255 255 ... 255 255 255]
 ...
 [255 255 255 ... 255 255 255]
 [255 255 255 ... 255 255 255]
 [217 255 255 ... 255 255  88]]"
10,10,1040_1_L_H1_V6,ICON,DATA,SPOUSE_PRESIDENTIAL_FUND_DONATION_YES,1079,470,1137,502,1,"[[ 55 255 255 ...  85   0   0]
 [151 255 255 ... 251  81   0]
 [159 255 255 ... 255  96   0]
 ...
 [231 255 255 ... 255  16   0]
 [247 255 255 ... 255   8   0]
 [255 255 255 ... 165   0   0]]"
11,11,1040_1_L_H2_V6,ICON,DATA,SPOUSE_PRESIDENTIAL_FUND_DONATION_NO,1258,470,1325,502,1,"[[252 255 255 ...  64  56   7]
 [255 255 255 ... 255 255 183]
 [255 255 255 ... 255 255 255]
 ...
 [ 98 255 255 ... 255 255 255]
 [255 255 255 ... 215 223 231]
 [  0   0   0 ...   0   0   0]]"
12,12,1040_1_1,ICON,DATA,SINGLE,418,507,476,538,1,"[[  0   0   0 ... 255 183 175]
 [  0   0   0 ... 255 255 255]
 [  0   0   0 ... 255 255 255]
 ...
 [  0   0 255 ... 255 255 255]
 [  0   0  29 ...   0   0   0]
 [  0   0   0 ...   0   0   0]]"
13,13,1040_1_2,ICON,DATA,MARRIED_JOINT_RETURN,418,538,476,570,1,"[[  0   0   0 ...   0   0   0]
 [  0   0   0 ...  18  69   0]
 [  0   0  25 ... 255 255 255]
 ...
 [  0   7 187 ... 255 255 255]
 [  0   0 175 ... 255 255 255]
 [  0   0  42 ...  64  72  80]]"
14,14,1040_1_3_H1,ICON,DATA,MARRIED_SEPARATE_RETURN,418,570,476,604,1,"[[  0   0   0 ...   0   0   0]
 [  0   0   0 ...   0   0   0]
 [  0   0   0 ...  64  56  13]
 ...
 [  0   0 255 ... 255 255 231]
 [  0   0 208 ... 191 199   0]
 [  0   0  21 ...   0   0   0]]"
15,15,1040_1_3_H2,A,NAME,SPOUSE_NAME,1266,561,1615,601,1,"[[255 255 255 ... 255 255 255]
 [255 255 255 ... 255 255 255]
 [255 255 255 ... 255 255 255]
 ...
 [255 255 255 ... 255 255 255]
 [255 255 255 ... 193 255 255]
 [233  24 234 ...   6  72  96]]"
16,16,1040_1_4_H1,ICON,DATA,HEAD_OF_HOUSEHOLD,418,604,476,670,1,"[[  0   0   0 ...   0   0   0]
 [  0   0   0 ...   0   0   0]
 [  0   0  38 ... 189  56  31]
 ...
 [  0   0 255 ... 255 255 255]
 [  0   0 218 ... 191 199 142]
 [  0   0  27 ...   0   0   0]]"
17,17,1040_1_4_H2,A,NAME,CHILD_NAME,886,636,1615,666,1,"[[255 255 255 ... 255 255 155]
 [255 255 255 ... 255 255 255]
 [255 255 255 ... 255 255 255]
 ...
 [255 255 255 ... 255 255 255]
 [  0   0   0 ... 143 213 255]
 [  0   0   0 ...   0  16  67]]"
18,18,1040_1_5_H1,ICON,DATA,QUALIFYING_WIDOWER,418,670,476,702,1,"[[  0   0   0 ...   0   0   0]
 [  0   0   0 ...   0   0   0]
 [  0  19  80 ...  64  56  24]
 ...
 [  0 235 255 ... 255 255 255]
 [ 16 255 239 ... 255 255 213]
 [  3 168  43 ...  64  72   7]]"
19,19,1040_1_5_H2,A,DATA,SPOUSE_YEAR_OF_DEATH,1122,674,1170,702,1,"[[255 255 255 ... 255 255 255]
 [255 255 255 ... 255 255 255]
 [255 255 255 ... 255 255 255]
 ...
 [255 255 255 ... 255 255 255]
 [255 255 240 ... 151 159   0]
 [ 88 104   0 ...   0   0   0]]"
20,20,1040_1_6a,ICON,DATA,EXEMPTIONS_YOURSELF,416,710,440,734,1,"[[135 151 159 167 175 178   0   0   0   0   0   0   0   8  10   0   0   6
   64  72  80 255 255 255]
 [  0   0   0   0   0   0   0   0   0   0   0   0   0   0   0   0   0   0
    0   0   0  40 231 255]
 [  0   0   0   0   0   0   0   0   0   0   0   0   0   0   0   0   0   0
    0   0   0   0   0 255]
 [  0   0   0   0   0   0   0  33  47   0   0   0   0   0   0   0   0   0
    0   0   0   0   0 255]
 [  0 137 255 218  80 118 255 100 255  24   0   0   0   0   0 223 215 207
  191 126   0   0   0 255]
 [  0  82 255 255 255 255 255 255 255 175   0   0   0   0   0 255 255 255
  255 180   6   0   0 245]
 [  0  80 255 255 255 255 255 255 255 178   2   0   0   0   0  32  40 255
  255 255  24   0   0 112]
 [  0  96 255 255 255 255 255 255 255 255  24   0   0   0   0   0   0 175
  253 255   8   0   0 128]
 [  0 104 255 255 255 255 255 255 255 119   0   0   0   0   0   0   0   0
   64 255   0   0   0 135]
 [  0 120 255 255 255 255 255 255  88   0   0   0 128 120   0   0   0   0
    0 112  45   0   0 142]
 [  0   0 255 255 255 255 255 255   0   0   0 143 255 255 231 223   0   0
    0   0  70   0   0   0]
 [  0   0 255 255 255 255 255 255   0   0  13 210 255 255 255 255 223   0
    0   0   0   0   0   0]
 [  0   0 255 255 255 255 255  96   0  21 255 255 255 255 255 255 248 207
  155   0   0   0   0   0]
 [  0   0 255 255 255 255 221  25   0 175 255 255 255 255 255 255 255 255
  255 255   0   0   0   0]
 [  0   0 255 255 255 255 156   0  10 199 255 255 255 255 255 255 255 255
  255 255 121   0   0   0]
 [  0   0 255 255 255 255   0   0  72 255 255 255 255 255 255 255 255 255
  255 255 167   0   0   0]
 [  0   0 255 255 255 255   0   0  88 255 255 255 255 255 255 255 255 255
  255 255 151   0   0   0]
 [  0   0 255 255 255 255   0   0 200 255 255 255 255 255 255 255 255 255
  255 255 143   0   0   0]
 [  0   0 255 255 255 255 255 255 255 255 255 255 255 255 255 255 255 255
  255 255 128   0   0   0]
 [  0   0 255 255 255 255 255 255 255 255 255 255 255 255 255 255 255 255
  255 249  22   0   0  16]
 [  0   0 255 255 255 255 255 255 255 255 255 255 255 255 255 255 255 255
  255 255 104   0   0  32]
 [  0   8 255 255 255 255 255 255 255 255 255 255 255 255 255 255 255 255
  255 255  88   0   0  40]
 [  0  13 216 255 255 255 255 207 215 223 239 247 255 255 255 255 255 255
  255 221  25   0   0  56]
 [  0   0  20  40  48  56  72   0   0   0   0   0   0   0   0   0   0   0
    0   0   0   0   0  64]]"
21,21,1040_1_6b_H1,ICON,DATA,EXEMPTIONS_SPOUSE,416,770,440,794,1,"[[  0   0   0   0   0   0   0   0   0   0   0   0   0   0   0   0   0   0
    0   0   0   0 135 255]
 [  0   0   0   0   0   0   0   0   0   0   0   0   0   0   0   0   0   0
    0   0   0   0   0 255]
 [  0   0   0   0   0   2  56  48  40  24  16   8   0   0   0   0   0   0
    0   0   0   0   0 255]
 [  0   0 126 215 207 197 255 255 255 255 255 255 255 255 255 255 255 255
  129  47   0   0   0 255]
 [  0  24 255 255 255 255 255 255 255 255 255 255 255 255 255 255 255 255
  255 199   0   0   0 255]
 [  0 235 255 255 255 255 255 255 255 255 255 255 255 255 255 255 255 255
  255 255  64   0   0 255]
 [  0  48 255 255 255 255 255 255 255 255 255 255 255 255 255 255 255 255
  255 255  48   0   0 156]
 [  0  64 255 255 255 255 255 255 255 255 255 255 255 255 255 255 255 255
  255 236  32   0   0 255]
 [  0  80 255 255 255 255 255 255 255 255 255 255 255 255 255 255 255 255
  255 151   0   0   0 255]
 [  0  88 255 255 255 255 255 255 255 255 255 255 255 255 255 255 255 255
  255 143   0   0   0 255]
 [  0 255 255 255 255 255 255 255 255 255 255 255 255 255 255 255 255 255
  255 128   0   0   0 255]
 [  0 255 255 255 255 255 255 255 255 255 255 255 255 255 255 255 255 255
  255 255   0   0  16 255]
 [  0 128 255 255 255 255 255 255 255 255 255 255 255 255 255 255 255 255
  255 255   0   0  24 255]
 [  0 135 255 255 255 255 255 255 255 255 255 255 255 255 255 255 255 255
  255  96   0   0  40 255]
 [ 11 193 255 255 255 255 255 255 255 255 255 255 255 255 255 255 255 255
  255  80   0   0  56 255]
 [ 32 255 255 255 255 255 255 255 255 255 255 255 255 255 255 255 255 255
  255 255   0   0  64 255]
 [ 48 255 255 255 255 255 255 255 255 255 255 255 255 255 255 255 255 255
  255 255   0   0  80 255]
 [ 56 255 255 255 255 255 255 255 255 255 255 255 255 255 255 255 255 255
  255 255   0   0  88 255]
 [ 72 255 255 255 255 255 255 255 255 255 255 255 255 255 255 255 255 255
  255 255   0   0 104 255]
 [ 80 255 255 255 255 255 255 255 255 255 255 255 255 255 255 255 255 255
  255 255   0   0 112 255]
 [ 96 255 255 255 255 255 232 207 231 255 255 255 255 255 255 255 255 255
  255  77   0   0 128 255]
 [  3  24  32  40 138  76  40   0  41 104 112 120 128 143 151 159   0   0
    0   0   0   0 135 255]
 [  0   0   0   0   0   0   0   0   0   0   0   0   0   0   0   0   0   0
    0   0   0   0 151 255]
 [  0   0   0   0   0   0   0   0   0   0   0   0   0   0   0   0   0   0
    0   0   0  32 255 255]]"
22,22,1040_1_6b_H2,I,DATA,EXEMPTIONS_NUMBER,1552,722,1616,780,1,"[[255 255 255 ... 255 255 255]
 [255 255 255 ... 255 255 255]
 [255 255 255 ... 255 255 255]
 ...
 [255 255 255 ... 255 255 255]
 [255 255 255 ... 255 255 255]
 [255 255 255 ... 255 255 255]]"
23,23,1040_1_6c_H1_V1,A,NAME,DEPENDENT_1_NAME,408,869,736,902,1,"[[  0   0   0 ...   0   0   0]
 [  0   0   0 ...   0   0   0]
 [ 64  56  48 ... 112 104   0]
 ...
 [255 255 255 ... 255 255   0]
 [255 255 255 ... 255  40   0]
 [191 199 207 ...  66   0   0]]"
24,24,1040_1_6c_H2_V1,ICON,DATA,DEPENDENT_1_UNDER_5,736,869,816,902,1,"[[  0   0   0 ...   0   0   0]
 [  0   0 114 ...   0   0   0]
 [  0   0   0 ... 255 100  38]
 ...
 [  0   0 247 ... 255 215   0]
 [  0   0  85 ... 255  62   0]
 [  0   0   0 ...   0   0   0]]"
25,25,1040_1_6c_H3_V1,A,SSN,DEPENDENT_1_SSN,816,869,1054,902,1,"[[  0   0  17 ...   0   0   0]
 [  0  45 232 ... 104   0   0]
 [  0   0 215 ... 255 223 215]
 ...
 [  0   0 255 ... 255 255 255]
 [  0   0 255 ... 255 183   6]
 [  0   0   0 ... 247   0   0]]"
26,26,1040_1_6c_H4_V1,A,DATA,DEPENDENT_1_RELATIONSHIP,1056,869,1224,902,1,"[[  0  88 167 ...  64  48   0]
 [  0 117 255 ... 255 255 167]
 [  0 104 255 ... 255 255 255]
 ...
 [  0 239 255 ... 229 255  48]
 [ 15 248 135 ...  12 104  15]
 [ 51 104  52 ...   0   0   0]]"
27,27,1040_1_6c_H5_V1,I,DATA,DEPENDENT_1_MONTHS_LIVED_IN_HOME,1226,869,1354,902,1,"[[  0   0   0 ...   0   0   0]
 [  0 112 255 ... 125   0  27]
 [  0 128 255 ... 255 255 255]
 ...
 [  0 207 255 ... 255 255 255]
 [ 42 235 167 ... 255 255 255]
 [  6  32   0 ...   0   8  24]]"
28,28,1040_1_6c_H6_V1,I,DATA,NUM_CHILDREN_LIVING_WITH,1551,838,1615,902,1,"[[255 255 255 ... 255 255 255]
 [255 255 255 ... 255 255 255]
 [255 255 255 ... 255 255 255]
 ...
 [255 255 255 ... 255 255 255]
 [255 255 255 ... 245 207 215]
 [  0   0   0 ...  54   0   0]]"
29,29,1040_1_6c_H1_V2,A,NAME,DEPENDENT_2_NAME,408,902,736,936,1,"[[  0   0   0 ...   0   0   0]
 [  0   0   0 ...   0   0   0]
 [191 126   0 ... 223 175   0]
 ...
 [255 255 255 ... 247  71   0]
 [255 118 255 ... 223   0   0]
 [  0   0   0 ...   0   0   0]]"
30,30,1040_1_6c_H2_V2,ICON,DATA,DEPENDENT_2_UNDER_5,736,902,816,936,1,"[[  0   0   0 ...   0   0   0]
 [  0   0  40 ...   9   0   0]
 [  0   0 193 ... 190 104   0]
 ...
 [  0  19 239 ... 155   0   0]
 [  0   0  58 ...   0   0   0]
 [  0   0   0 ...   0   0   0]]"
31,31,1040_1_6c_H3_V2,A,SSN,DEPENDENT_2_SSN,816,902,1054,936,1,"[[  0   0   0 ...   0   0   0]
 [  0   0  93 ...   0   0   0]
 [  0   0 255 ... 228  72   0]
 ...
 [  0 255 255 ... 255  77   0]
 [  0 128 135 ...  81   0   0]
 [  0   0   0 ...   0   0   0]]"
32,32,1040_1_6c_H4_V2,A,DATA,DEPENDENT_2_RELATIONSHIP,1056,902,1224,936,1,"[[  0   0   0 ... 159   0   0]
 [  0   0   0 ... 255 255   8]
 [  0   0   0 ... 255 255 239]
 ...
 [124 255 255 ...   0   0   0]
 [255 255 255 ...   0   0   0]
 [120  48 143 ...   0   0   0]]"
33,33,1040_1_6c_H5_V2,I,DATA,DEPENDENT_2_MONTHS_LIVED_IN_HOME,1226,902,1354,936,1,"[[  0   0  88 ...   0   0   0]
 [  0 223 255 ...   0   0   0]
 [  0 255 255 ... 255 255 255]
 ...
 [ 45 255 255 ... 255 255 255]
 [  0 191 199 ... 167 175 183]
 [  0   0   0 ...   0   0   0]]"
34,34,1040_1_6c_H6_V2,I,DATA,NUM_CHILDREN_SEPARATED,1550,910,1614,974,1,"[[255 255 255 ... 255 255 255]
 [255 255 255 ... 255 255 255]
 [255 255 255 ... 255 255 255]
 ...
 [255 255 255 ... 255 255 255]
 [255 255 208 ...  32  40  56]
 [ 56  64   7 ...   0   0   0]]"
35,35,1040_1_6c_H1_V3,A,NAME,DEPENDENT_3_NAME,408,936,736,969,1,"[[  0   0   0 ...   0   0   0]
 [ 38   0   0 ...  63  56   0]
 [227 183 167 ... 243 245   0]
 ...
 [255 255 255 ... 255  54   0]
 [255 207 215 ...  52   0   0]
 [ 64   0   0 ...   0   0   0]]"
36,36,1040_1_6c_H2_V3,ICON,DATA,DEPENDENT_3_UNDER_5,736,936,816,969,1,"[[  0   0   0 ...   0   0   0]
 [  0   0 199 ...  21   0   0]
 [  0  60 240 ... 208   0   0]
 ...
 [  0   0 255 ... 127   0   0]
 [  0   0   0 ...   0   0   0]
 [  0   0   0 ...   0   0   0]]"
37,37,1040_1_6c_H3_V3,A,SSN,DEPENDENT_3_SSN,816,936,1054,969,1,"[[  0 128   7 ...   0   0   0]
 [  0   0   0 ...  52   0   0]
 [  0   0   0 ... 255 183   0]
 ...
 [  0   0 190 ... 251  87   0]
 [  0   0  10 ... 215   0   0]
 [  0   0   0 ... 174   0   0]]"
38,38,1040_1_6c_H4_V3,A,DATA,DEPENDENT_3_RELATIONSHIP,1056,936,1224,969,1,"[[  0   0  45 ... 183 105   0]
 [ 30 217 255 ... 255 223   0]
 [255 255 255 ... 255 215   0]
 ...
 [165 255 255 ... 159   0   0]
 [167 255 255 ...   0   0   0]
 [ 11  32  40 ...   0   0   0]]"
39,39,1040_1_6c_H5_V3,I,DATA,DEPENDENT_3_MONTHS_LIVED_IN_HOME,1226,936,1354,969,1,"[[ 83 255 255 ...  60   0   0]
 [255 255 255 ... 240 207 191]
 [255 255 255 ... 255 255 255]
 ...
 [128 255 255 ... 255 255 255]
 [ 42  96 104 ...  72  80  96]
 [  0   0   0 ...   0   0   0]]"
40,40,1040_1_6c_H6_V3,I,DATA,NUM_OTHER_DEPENDENTS,1550,982,1614,1046,1,"[[255 255 255 ... 255 255 255]
 [255 255 255 ... 255 255 255]
 [255 255 255 ... 255 255 255]
 ...
 [255 255 255 ... 255 255 255]
 [255 255 255 ... 255 255 255]
 [255 255 255 ...   8  16  24]]"
41,41,1040_1_6c_H1_V4,A,NAME,DEPENDENT_4_NAME,408,969,736,1002,1,"[[  0   0   0 ...  58   0   0]
 [  0   0   0 ... 246 126   0]
 [ 70 145  53 ... 255 255  24]
 ...
 [255 255 255 ... 255  64   0]
 [255 255 255 ... 203  17   0]
 [  0   0   0 ...   0   0   0]]"
42,42,1040_1_6c_H2_V4,ICON,DATA,DEPENDENT_4_UNDER_5,736,969,816,1002,1,"[[  0   0   7 ...  24   0   0]
 [  0   0 190 ... 252  63   0]
 [  0   0 255 ... 231   0   0]
 ...
 [  0  64 255 ... 139   0   0]
 [  0  80 255 ...   0   0   0]
 [  0   0   0 ...   0   0   0]]"
43,43,1040_1_6c_H3_V4,A,SSN,DEPENDENT_4_SSN,816,969,1054,1002,1,"[[  0   0 231 ...   0   0   0]
 [  0  16 255 ...  32   4   0]
 [  0  24 255 ... 255 168  89]
 ...
 [  0 112 255 ... 255 207   0]
 [  0   0 167 ... 247   0   0]
 [  0   0   0 ...   0   0   0]]"
44,44,1040_1_6c_H4_V4,A,DATA,DEPENDENT_4_RELATIONSHIP,1056,969,1224,1002,1,"[[  0  96  88 ...   0   0   0]
 [194 255 255 ... 255 134   0]
 [151 255 255 ... 255 255   0]
 ...
 [255 255 255 ... 147   0   0]
 [255 255 255 ...  78   0   0]
 [175 239 237 ...   0   0   0]]"
45,45,1040_1_6c_H5_V4,I,DATA,DEPENDENT_4_MONTHS_LIVED_IN_HOME,1226,969,1354,1002,1,"[[  0 159 151 ...   0   0   0]
 [255 255 255 ... 255 255 255]
 [255 255 255 ... 255 255 255]
 ...
 [255 255 255 ... 255 255 255]
 [255 255 255 ... 245 255 255]
 [120 128   0 ...  45 120 175]]"
46,46,1040_1_6c_H1_V5,A,NAME,DEPENDENT_5_NAME,408,1002,736,1036,1,"[[  0   0   0 ...   0   0   0]
 [  0   0   0 ...  31   0   0]
 [ 69   0   0 ... 221   5   0]
 ...
 [255 255 255 ... 255   0   0]
 [255 156 111 ...  88   0   0]
 [  0   0   0 ...   0   0   0]]"
47,47,1040_1_6c_H2_V5,ICON,DATA,DEPENDENT_5_UNDER_5,736,1002,816,1036,1,"[[  0   0   0 ...   0   0   0]
 [  0   7 240 ...  96   0   0]
 [  0 128 255 ...  88   0   0]
 ...
 [  0   0 255 ...   7   0   0]
 [  0   0 135 ...   0   0   0]
 [  0   0   0 ...   0   0   0]]"
48,48,1040_1_6c_H3_V5,A,SSN,DEPENDENT_5_SSN,816,1002,1054,1036,1,"[[  0  57  80 ...   0   0   0]
 [  0 159 255 ... 135   0   0]
 [  0 175 255 ... 255 147   0]
 ...
 [  0  16 255 ... 255  56   0]
 [  0 175 191 ...  24   5   0]
 [  0   0   0 ...   0   0   0]]"
49,49,1040_1_6c_H4_V5,A,DATA,DEPENDENT_5_RELATIONSHIP,1056,1002,1224,1036,1,"[[  0  45  44 ...   0   0   0]
 [ 80 232 255 ... 191   0   0]
 [255 255 255 ... 255 183   0]
 ...
 [199 255 255 ...  96  36   0]
 [215 255 255 ...   0   0   0]
 [181 207 223 ...   0   0   0]]"
50,50,1040_1_6c_H5_V5,I,DATA,DEPENDENT_5_MONTHS_LIVED_IN_HOME,1226,1002,1354,1036,1,"[[  8   0   0 ...   7   8 112]
 [255 255 255 ... 199 255 255]
 [255 255 255 ... 255 255 255]
 ...
 [167 255 255 ... 255 255 255]
 [ 17 255 255 ...  24  32  40]
 [  0   0   0 ...   0   0   0]]"
51,51,1040_1_6c_H1_V6,A,NAME,DEPENDENT_6_NAME,408,1036,736,1069,1,"[[  0   0   0 ...   0   0   0]
 [  0   0   0 ...  37   0   0]
 [183 175 159 ... 231   0   0]
 ...
 [255 255 255 ... 143   0   0]
 [255 255 255 ...   0   0   0]
 [ 80  88  96 ...   0   0   0]]"
52,52,1040_1_6c_H2_V6,ICON,DATA,DEPENDENT_6_UNDER_5,736,1036,816,1069,1,"[[  0   4 120 ...   0   0   0]
 [  0  16 255 ... 179   0   0]
 [  0  32 255 ... 183   0   0]
 ...
 [  0 196 255 ...  60   0   0]
 [  0   8 255 ...   0   0   0]
 [  0   0   0 ...   0   0   0]]"
53,53,1040_1_6c_H3_V6,A,SSN,DEPENDENT_6_SSN,816,1036,1054,1069,1,"[[  0  56 255 ...   0   0   0]
 [  0  64 255 ... 179   0   0]
 [  0 129 255 ... 255   0   0]
 ...
 [ 32 255 255 ... 255   0   0]
 [ 48 255 255 ... 255   0   0]
 [  0  40   0 ...  48   0   0]]"
54,54,1040_1_6c_H4_V6,A,DATA,DEPENDENT_6_RELATIONSHIP,1056,1036,1224,1069,1,"[[  0   0   0 ...  24   3   0]
 [255 255 255 ... 255  40   0]
 [255 255 255 ... 255  24   0]
 ...
 [255 255 255 ...  72   0   0]
 [255 255 255 ...   0   0   0]
 [ 96 112 120 ...   0   0   0]]"
55,55,1040_1_6c_H5_V6,I,DATA,DEPENDENT_6_MONTHS_LIVED_IN_HOME,1226,1036,1354,1069,1,"[[  0   0 175 ...   0   0   0]
 [215 255 255 ... 255 255 255]
 [231 255 255 ... 255 255 255]
 ...
 [255 255 255 ... 255 255 255]
 [183 191 199 ... 183 199 255]
 [  0   0   0 ...   0   4  80]]"
56,56,1040_1_6d,ICON,DATA,SEPARATED_CHILD_DEPENDENT,1331,1076,1353,1098,1,"[[  0   0   0   0   0   0   0   0   0   0   0   0   0   0   0   0   0   0
    0   0   0   0]
 [  0   0   0   0   0 110 193   0   0   0 159 151 135 128 120 112  96  88
   80  64  56   0]
 [  0   0  24 255 106 255 255 255 255 255 255 255 255 255 255 255 255 255
  255 255 247   0]
 [  0   0  32 255 255 255 255 255 255 255 255 255 255 255 255 255 255 255
  255 255 231   0]
 [  0   0  48 255 255 255 255 255 255 255 255 255 255 255 255 255 255 255
  255 255 223   0]
 [  0   0  56 255 255 255 255 255 255 255 255 255 255 255 255 255 255 255
  255 255 207   0]
 [  0   0  72 255 255 255 255 255 255 255 255 255 255 255 255 255 255 255
  255 255 199   0]
 [  0   0  80 255 255 255 255 255 255 255 255 255 255 255 255 255 255 255
  255 255 183   0]
 [  0   0  96 255 255 255 255 255 255 255 255 255 255 255 255 255 255 255
  255 255 175   0]
 [  0   0  10 234 255 255 255 255 255 255 255 255 255 255 255 255 255 255
  255 255 177   5]
 [  0   0   0 247 255 255 255 255 255 255 255 255 255 255 255 255 255 255
  255 255 255  24]
 [  0   0   0 255 255 255 255 255 255 255 255 255 255 255 255 255 255 255
  255 255 255   8]
 [  0   0  58 255 255 255 255 255 255 255 255 255 255 255 255 255 255 255
  255 255 255   0]
 [  0   0  14 255 255 255 255 255 255 255 255 255 255 255 255 255 255 255
  255 255 255   0]
 [  0   0   0 255 255 255 255 255 255 255 255 255 255 255 255 255 255 255
  255 255 255   0]
 [  0   0   0 255 255 255 255 255 255 255 255 255 255 255 255 255 255 255
  255 255 255   0]
 [  0   0   0 255 255 255 255 255 255 255 255 255 255 255 255 255 255 255
  255 255 255   0]
 [  0   0   0 255 255 255 255 255 255 255 255 255 255 255 255 255 255 255
  255 255 255   0]
 [  0   0   0 255 255 255 255 255 255 255 255 255 255 255 255 255 255 255
  255 255 255   0]
 [  0   0   0 255 255 255 255 255 255 255 255 255 255 255 255 255 255 233
  199 207 215   0]
 [  0   0   0   0   0 114   0 215 223   0   0   0   8  24  32  40  48  38
    0   0   0   0]
 [  0   0   0   0   0   0   0   0   0   0   0   0   0   0   0   0   0   0
    0   0   0   0]]"
57,57,1040_1_6e,I,DATA,TOTAL_DEPENDENTS,1554,1080,1606,1122,1,"[[  0   0   0 ...   0   0   0]
 [ 15   8   0 ...   0   0   0]
 [255 255 255 ... 151 135  92]
 ...
 [191 255 255 ... 255 255 255]
 [207 255 255 ... 255 255 255]
 [215 255 255 ... 255 255 255]]"
58,58,1040_1_7,F,DATA,WAGES_SALARIES_TIPS,1370,1137,1604,1171,1,"[[  0   0   0 ...   0   0   0]
 [  0   0   0 ... 255 255 255]
 [ 30   0   0 ... 255 255 255]
 ...
 [  0   0   0 ...   0   0   0]
 [  0   0   0 ...   0   0   0]
 [  0   0   0 ...  40  32 255]]"
59,59,1040_1_8a,F,DATA,TAXABLE_INTEREST_INCOME,1370,1171,1604,1204,1,"[[  0   0   0 ... 255 255 255]
 [  0   0   0 ... 255 255 255]
 [  0   0   0 ... 255 255 255]
 ...
 [  0   0   0 ... 255 255 164]
 [  0   0   0 ...   8  16   1]
 [  0   0   0 ...   0   0   0]]"
60,60,1040_1_8b,F,DATA,TAX_EXEMPT_INTREST_INCOME,1073,1204,1309,1237,1,"[[255 255 255 ... 255 255 255]
 [255 255 255 ... 255 255 255]
 [255 255 255 ... 255 255 255]
 ...
 [167 228 183 ... 255 255 255]
 [  0  30   0 ... 175  80   0]
 [  0   0   0 ...   0   0   0]]"
61,61,1040_1_9,F,DATA,DIVIDEND_INCOME,1370,1204,1604,1271,1,"[[  0   0  31 ...   0   0   0]
 [  0   0 225 ... 120 112 255]
 [  0   8 255 ... 255 255 255]
 ...
 [  0   0   0 ...   0   0   0]
 [  0   0   0 ...   0   0   0]
 [  0   0   0 ...   0   0   0]]"
62,62,1040_1_10,F,DATA,TAXABLE_REFUNDS,1370,1271,1604,1304,1,"[[  0  12 200 ... 255 255 255]
 [  0  32 255 ... 255 255 255]
 [  0   0 175 ... 255 255 255]
 ...
 [  0   0   0 ... 255  60 138]
 [  0   0   0 ...   0   0   0]
 [  0   0   0 ...   0   0   0]]"
63,63,1040_1_11,F,DATA,ALIMONY_REVEIVED,1370,1304,1604,1337,1,"[[  0   0   0 ...  96  88  80]
 [  0   0 106 ... 255 255 255]
 [  0   0 255 ... 255 255 255]
 ...
 [  0   0   0 ... 207 215 223]
 [  0   0   0 ...   0   0   0]
 [  0   0   0 ...   0   0   0]]"
64,64,1040_1_12,F,DATA,BUSINESS_INCOME_LOSSES,1370,1337,1604,1371,1,"[[  0   0   0 ... 175 167 109]
 [  0   0 120 ... 255 255 255]
 [  0   0 207 ... 255 255 255]
 ...
 [  0   0   0 ...   0   8  24]
 [  0   0   0 ...   0   0   0]
 [  0   0   0 ...   0   0   0]]"
65,65,1040_1_13,F,DATA,CAPITAL_GAIN_LOSSES,1370,1371,1604,1404,1,"[[  0   0 247 ... 255 201 104]
 [  0   0 255 ... 255 255 255]
 [  0   0 255 ... 255 255 255]
 ...
 [  0   9  48 ...   0   0   0]
 [  0   0   0 ...   0   0   0]
 [  0   0   0 ...   0   0   0]]"
66,66,1040_1_14,F,DATA,CAPITAL_GAIN_DISTRIBUTIONS,1370,1404,1604,1438,1,"[[  0  96 255 ... 199 191 175]
 [  0 227 255 ... 255 255 255]
 [  0  82 253 ... 255 255 255]
 ...
 [  0   0   0 ...   0   0   0]
 [  0   0   0 ...   0   0   0]
 [  0   0   0 ...  16   8   0]]"
67,67,1040_1_15,F,DATA,OTHER_GAINS_LOSSES,1370,1438,1604,1471,1,"[[  0 247 255 ... 255 255 255]
 [ 93 255 255 ... 255 255 255]
 [117 255 255 ... 255 255 255]
 ...
 [  0   0  16 ...   0   0 175]
 [  0   0   0 ...   0   0   0]
 [  0   0   0 ...   0   0   0]]"
68,68,1040_1_16a,F,DATA,TOTAL_IRA_DISTRIBUTIONS,734,1471,970,1504,1,"[[255 255 255 ... 255 255 255]
 [255 255 255 ... 255 255 255]
 [255 255 255 ... 255 255 255]
 ...
 [173 239 255 ... 255 255 255]
 [  0   0 104 ...  56  64  80]
 [  0   0   0 ...   0   0   0]]"
69,69,1040_1_16b,F,DATA,IRA_DISTRIBUTION_TAXABLE_AMOUNT,1370,1471,1604,1504,1,"[[  4 120 255 ...   0   0   0]
 [ 24 255 255 ... 255 255 255]
 [ 32 255 255 ... 255 255 255]
 ...
 [  0 239 255 ... 255 255 255]
 [108 255 255 ... 255 255 255]
 [135 255 255 ... 255 255 255]]"
70,70,1040_1_17a,F,DATA,TOTAL_PENSIONS_AND_ANNUITIES,734,1504,970,1538,1,"[[  0   0   0 ...   0   0   0]
 [255 255 255 ... 255 255 255]
 [255 255 255 ... 255 255 255]
 ...
 [ 96 255 255 ... 255 255 255]
 [  0   0   0 ...  88  96 112]
 [  0   0   0 ...   0   0   0]]"
71,71,1040_1_17b,F,DATA,PENSIONS_AND_ANNUITIES_TAXABLE_AMOUNT,1370,1504,1604,1538,1,"[[ 24 255 255 ... 215 223 241]
 [  0   0   0 ...   0   0  17]
 [  0   0   0 ...   0   0   0]
 ...
 [ 13 223 231 ... 135 158 255]
 [  0   0   0 ...   0   3  32]
 [  0   0   0 ...   0   0   0]]"
72,72,1040_1_18,F,DATA,RENTS_ROYALTIES_PARTNERSHIPS_ESTATES_TRUSTS,1370,1538,1604,1571,1,"[[  0   0 151 ...   0   0   0]
 [ 64 255 255 ... 143 255 129]
 [ 72 255 255 ... 255 255 255]
 ...
 [  0 147 255 ... 255 255 255]
 [  0   1  24 ... 191 207  34]
 [  0   0   0 ...   0   0   0]]"
73,73,1040_1_19,F,DATA,FARM_INCOME_LOSSES,1370,1571,1604,1604,1,"[[  0   0   0 ...   0   0   0]
 [  0 112 104 ... 183 175 159]
 [  0 255 255 ... 255 255 255]
 ...
 [ 40 255 255 ... 255 255 255]
 [ 38 235 255 ... 158 128 143]
 [  0  42  72 ...   0   0   0]]"
74,74,1040_1_20,F,DATA,UNEMPLOYMENT_COMPENSATION,1370,1604,1604,1638,1,"[[  0   0   0 ...   0   0   0]
 [  0   0   0 ...   0   0   0]
 [ 29 237 255 ... 139 120 104]
 ...
 [199 255 255 ... 255 255 255]
 [181 231 247 ... 175 183 199]
 [  0   0   0 ...   0   0   0]]"
75,75,1040_1_21a,F,DATA,SOCIAL_SECURITY_BENEFITS,1073,1638,1309,1671,1,"[[255 255 255 ... 255 255 231]
 [255 255 255 ... 255 255   0]
 [255 255 255 ... 255 255   0]
 ...
 [255 255 255 ... 255   0   0]
 [223 231 247 ...  91   0   0]
 [  0   0   0 ...   0   0   0]]"
76,76,1040_1_21b,F,DATA,SOCIAL_SECURITY_TAXABLE_AMOUNT,1370,1638,1604,1704,1,"[[  0   0   0 ...   0   0   0]
 [  0 143 135 ... 199 191 183]
 [255 255 255 ... 255 255 255]
 ...
 [223 255 255 ... 255 255 255]
 [239 255 255 ... 255 255 255]
 [  0 199 215 ... 159 167 183]]"
77,77,1040_1_22_H1,A,DATA,OTHER_INCOME_TYPE,888,1704,1308,1738,1,"[[255 255 255 ... 255 255 152]
 [255 255 106 ... 255 255  68]
 [255 255  64 ... 255 255  48]
 ...
 [255 255 255 ... 255 255   0]
 [255 211 199 ... 255 255   0]
 [203  16   0 ... 255 255   0]]"
78,78,1040_1_22_H2,F,DATA,OTHER_INCOME,1370,1704,1604,1738,1,"[[  0   0   0 ...   0   0   0]
 [  0  27  40 ...   0   0   0]
 [ 24 225 255 ... 215 207 199]
 ...
 [120 247 255 ... 255 255 255]
 [  0   0   0 ...  88  96 112]
 [  0   0   0 ...   0   0   0]]"
79,79,1040_1_23,F,DATA,TOTAL_INCOME,1370,1738,1604,1771,1,"[[  0   0   0 ...   0   0   0]
 [ 11   0   0 ...  32  24   0]
 [183 255 255 ... 255 255 135]
 ...
 [255 255 255 ... 255 255 255]
 [255 255 236 ... 150 241 161]
 [ 25  63   0 ...   0   0   0]]"
80,80,1040_1_24,F,DATA,EMPLOYEE_BUSINESS_EXPENSES,1070,1771,1308,1804,1,"[[  0   0   0 ...   0   0   0]
 [  0 135 255 ... 255  18   0]
 [  0 255 255 ... 255 128   0]
 ...
 [  0 191 255 ... 255  48   0]
 [  0   0   0 ...   0   1   0]
 [  0   0   0 ...   0   0   0]]"
81,81,1040_1_25a,F,DATA,IRA_DEDUCTION,1070,1804,1308,1837,1,"[[  0   0   0 ...   0   0   0]
 [  0 154 143 ... 120 112   0]
 [  0 255 255 ... 255 254 108]
 ...
 [  0 255 255 ... 255 159   0]
 [  0 255 255 ... 183   0   0]
 [  0   8  16 ...   1   0   0]]"
82,82,1040_1_25b,F,DATA,SPOUSE_IRA_DEDUCTION,1070,1837,1308,1870,1,"[[  0   0   0 ...   0   0   0]
 [  0   0   7 ...   0   0   0]
 [ 16 255 255 ... 255 104   0]
 ...
 [104 255 255 ... 255 255   0]
 [ 14 242 255 ... 255 108   0]
 [  0   0   0 ... 105   0   0]]"
83,83,1040_1_26,F,DATA,SELF_EMPLOYED_HEALTH_INSURANCE_DEDUCTION,1070,1870,1308,1903,1,"[[  0   0   0 ...   0   0   0]
 [  0   0   0 ...   0   0   0]
 [134 207 191 ... 159   0   0]
 ...
 [247 255 255 ... 255   0   0]
 [199 255 255 ...  15   0   0]
 [  4  88  96 ...   0   0   0]]"
84,84,1040_1_27,F,DATA,KEOGH_RETIREMENT_PLAN_AND_SEP_DEDUCTION,1070,1903,1308,1936,1,"[[  0   0   0 ...   0   0   0]
 [  0   0   0 ...   0   0   0]
 [  9  40  24 ...   0   0   0]
 ...
 [135 255 255 ... 112   0   0]
 [143 255 255 ...  78   0   0]
 [149 255 255 ...   0   0   0]]"
85,85,1040_1_28,F,DATA,EARLY_SAVINGS_WITHDRAWAL_PENALTY,1070,1936,1308,1969,1,"[[  0   0   0 ...   0   0   0]
 [  0   0   0 ...   0   0   0]
 [106 128 112 ...   0   0   0]
 ...
 [255 255 255 ... 254 100   0]
 [255 255 255 ... 215   0   0]
 [171 255 255 ... 207   0   0]]"
86,86,1040_1_29_V1,A,NAME,ALIMONY_RECIPIENT_NAME,738,1969,1006,2002,1,"[[  0   0   0 ... 255 255 255]
 [  0   0  45 ... 255 255 255]
 [  0   0 143 ... 255 255 255]
 ...
 [255 255 255 ... 255 255 255]
 [255 255 255 ... 255 255 255]
 [255 255 255 ... 255 255 255]]"
87,87,1040_1_29_H1_V2,A,SSN,ALIMONY_RECIPIENT_SSN,629,2002,969,2036,1,"[[  0  82 252 ... 255 255 255]
 [ 56 255 255 ...  16   0 181]
 [255 255 255 ...   0   0   0]
 ...
 [255 255 255 ... 255 255 255]
 [255 255 255 ... 255 255 255]
 [223 224 131 ... 255 255 255]]"
88,88,1040_1_29_H2_V2,F,DATA,ALIMONY_PAID,1070,1969,1308,2036,1,"[[  6  40  48 ...  84   0   0]
 [  0   0   0 ...   0   0   0]
 [  0   0   0 ...   0   0   0]
 ...
 [255 255 255 ... 183   0   0]
 [255 255 255 ... 175   0   0]
 [255 255 210 ... 134   0   0]]"
89,89,1040_1_30,F,DATA,TOTAL_ADJUSTMENTS,1365,2001,1606,2073,1,"[[  0   0 143 ... 255 255 255]
 [  0   0 151 ... 255 255 255]
 [  0   0 167 ... 255 255 255]
 ...
 [  0  20 221 ... 255 216 255]
 [  0   0 168 ...  64  17 208]
 [  0   0   0 ...   0   0   0]]"
90,90,1040_1_31,F,DATA,ADJUSTED_GROSS_INCOME,1365,2073,1606,2145,1,"[[  0   0   0 ...   0   0   0]
 [  0   0   0 ...  56  40  32]
 [  0   0   8 ... 255 255 255]
 ...
 [  0   0   0 ...   0   0   6]
 [  0   0   0 ...   0   0   0]
 [  0   0 124 ...   0   0  25]]"
91,0,1040_2_32,F,DATA,ADJUSTED_GROSS_INCOME_CARRIED,1355,187,1595,220,2,"[[  0   0   0 ...   0   0   0]
 [255 255 239 ...   0   0   0]
 [255 255 255 ... 255 255 255]
 ...
 [177 255 255 ... 255 255 255]
 [  8  48  56 ... 255 255 255]
 [  0   0   0 ...   0   0 207]]"
92,1,1040_2_33a_H1,ICON,DATA,AGE_ABOVE_65,446,231,468,254,2,"[[  0   0  25  32  24  16   8   0   0   0   0   0   0   0   0   0   0   0
    0   0   0   0]
 [  0  11 217 255 255 255 255 255 255 255 255 255 255 255   0   0   0   0
    0   0 116 239]
 [  0 255 255 255 255 255 255 255 255 255 255 255 255 251  82   0   0   0
    0   0 135 255]
 [  0 255 255 255 255 255 255 255 255 255 255 255 255 255 104   0   0   0
    0   0 143 239]
 [  0 216 255 255 255 255 255 255 255 255 255 255 255 232  30   0   0   0
    0   0  80 231]
 [  0  56 255 255 255 255 255 255 255 255 255 255 255 168   0   0   0   0
    0   0   0  21]
 [  0  64 255 255 255 255 255 255 255 255 255 255 118   0   0   0   0 117
    0   0   0   0]
 [  0 200 255 255 255 255 255 255 255 255 255 137   0   0   0  64 255 255
   77   0   0   0]
 [  0 255 255 255 255 255 255 255 255 255  80   0   0   0   0 186 255 255
  255 120  28   0]
 [  0 255 255 255 255 255 255 255 255 167   0   0   0  88 255 255 255 255
  255 255  48   0]
 [  0 255 255 255 255 255 255 255 255 159   0   0   0  96 255 255 255 255
  255 255 255  68]
 [  0 255 255 255 255 255 255 255 255  94   0   0  58 255 255 255 255 255
  255 255 255 159]
 [  0 255 255 255 255 255 255 255 255   0   0  93 253 255 255 255 255 255
  255 255 255 151]
 [ 16 255 255 255 255 255 255 200   0   0   0 163 255 255 255 255 255 255
  255 255 255 135]
 [ 24 255 255 255 255 255 255 112   0   0 209 255 255 255 255 255 255 255
  255 255 255 128]
 [ 32 255 255 255 255 255 231   0   9 187 255 255 255 255 255 255 255 255
  255 255 255 120]
 [ 40 255 255 255 255 255 253 231 227 255 255 255 255 255 255 255 255 255
  255 255 255 112]
 [ 56 255 255 255 255 255 255 255 255 255 255 255 255 255 255 255 255 255
  255 255 255  96]
 [ 64 255 255 255 255 255 255 255 255 255 255 255 255 255 255 255 255 255
  255 255 255  88]
 [ 25 220 255 255 255 255 255 255 255 255 255 255 255 255 255 255 255 255
  255 255 255  80]
 [  0 181 255 255 255 255 255 255 255 255 255 255 255 255 255 255 255 255
  255 255 255  64]
 [  0   0 112 120 128 135 143 159 167 175 183 199 207 215 223 239 247 255
  255 255  32   9]
 [  0   0   0   0   0   0   0   0   0   0   0   0   0   0   0   0   0   0
    0   0   0   0]]"
93,2,1040_2_33a_H2,ICON,DATA,BLIND,688,231,711,254,2,"[[  0   0   0   0   0   0   0   0   0   0   0   0   0   0   0   0   0   0
   16  14   0   0   0]
 [  0   0  88  80  72  64  48  40  32  24   8   0  77 239  72 215   0   0
   72 193 167  35   0]
 [  0 202 255 255 255 255 255 255 255 255 255 255 255 255 255 255 255 255
  255 255 255  74   0]
 [  0 247 255 255 255 255 255 255 255 255 255 255 255 255 255 255 255 255
  255 255 255 255   0]
 [  0 255 255 255 255 255 255 255 255 255 255 255 255 255 255 255 255 255
  255 255 255  53   0]
 [  0 255 255 255 255 255 255 255 255 255 255 255 255 255 255 255 255 255
  255 255 255 255   0]
 [  0 255 255 255 255 255 255 255 255 255 255 255 255 255 255 255 255 255
  255 255 255   8   0]
 [  0  32 255 255 255 255 255 255 255 255 255 255 255 255 255 255 255 255
  255 255 255 151   0]
 [  0  40 255 255 255 255 255 255 255 255 255 255 255 255 255 255 255 255
  255 255 255 254 112]
 [  0  48 255 255 255 255 255 255 255 255 255 255 255 255 255 255 255 255
  255 255 255 231   0]
 [  0  56 255 255 255 255 255 255 255 255 255 255 255 255 255 255 255 255
  255 255 255 223   0]
 [  0  72 255 255 255 255 255 255 255 255 255 255 255 255 255 255 255 255
  255 255 255 215   0]
 [  0  80 255 255 255 255 255 255 255 255 255 255 255 255 255 255 255 255
  255 255 255 199   0]
 [  0  88 255 255 255 255 255 255 255 255 255 255 255 255 255 255 255 255
  255 255 255 191   0]
 [  0 104 255 255 255 255 255 255 255 255 255 255 255 255 255 255 255 255
  255 255 255 183   0]
 [  0 112 255 255 255 255 255 255 255 255 255 255 255 255 255 255 255 255
  255 255 255 220  25]
 [  0 120 255 255 255 255 255 255 255 255 255 255 255 255 255 255 255 255
  255 255 255 255  32]
 [  0 128 255 255 255 255 255 255 255 255 255 255 255 255 255 255 255 255
  255 255 255 200  12]
 [  0 143 255 255 255 255 255 255 255 255 255 255 255 255 255 255 255 255
  255 255 255 143   0]
 [  0 151 255 255 255 255 255 255 255 255 255 255 255 255 255 255 255 255
  255 255 255 128   0]
 [  0 159 255 255 255 255 255 255 255 255 255 255 255 255 255 255 255 255
  255 255 255 120   0]
 [  0   0 191 199 207 215 231 239 247 255 255 255 255 255 255 255 255 255
   88 104 112  52   0]
 [  0   0   0   0   0   0   0   0   0   0   0   0   0   0   0   0   0   0
    0   0   0   0   0]]"
94,3,1040_2_33a_H3,ICON,DATA,SPOUSE_AGE_ABOVE_65,808,231,832,254,2,"[[  0   0   0   0   0   0   0   0   0   0   0   0   0   0   0   0   0   0
    0   0   0   0   0   0]
 [  0   0   0   0   0 159 151 135 128 120 112 104  88  80  72  64  48  67
  116  24   8 223   0   0]
 [  0   0 191 255 255 255 255 255 255 255 255 255 255 255 255 255 255 255
  255 255 255 255  88   0]
 [  0   0 207 255 255 255 255 255 255 255 255 255 255 255 255 255 255 255
  255 255 255 255  80   0]
 [  0   0 215 255 255 255 255 255 255 255 255 255 255 255 255 255 255 255
  255 255 255 255  72   0]
 [  0   0 223 255 255 255 255 255 255 255 255 255 255 255 255 255 255 255
  255 255 255 255  56   0]
 [  0   0 231 255 255 255 255 255 255 255 255 255 255 255 255 255 255 255
  255 255 255 255  48   0]
 [  0   0 247 255 255 255 255 255 255 255 255 255 255 255 255 255 255 255
  255 255 255 255  40   0]
 [  0   0 255 255 255 255 255 255 255 255 255 255 255 255 255 255 255 255
  255 255 255 255  32   0]
 [  0   0 255 255 255 255 255 255 255 255 255 255 255 255 255 255 255 255
  255 255 255 255  16   0]
 [  0   0  61 255 255 255 255 255 255 255 255 255 255 255 255 255 255 255
  255 255 255 255 116   0]
 [  0   0 255 255 255 255 255 255 255 255 255 255 255 255 255 255 255 255
  255 255 255 255 255   0]
 [  0   0 215 255 255 255 255 255 255 255 255 255 255 255 255 255 255 255
  255 255 255 255 247   0]
 [  0   0  48 255 255 255 255 255 255 255 255 255 255 255 255 255 255 255
  255 255 255 255 231   0]
 [  0   0 219 255 255 255 255 255 255 255 255 255 255 255 255 255 255 255
  255 255 255 255 223   0]
 [  0   0  72 255 255 255 255 255 255 255 255 255 255 255 255 255 255 255
  255 255 255 255 215   0]
 [  0   0 107 255 255 255 255 255 255 255 255 255 255 255 255 255 255 255
  255 255 255 255 199   0]
 [  0   0 255 255 255 255 255 255 255 255 255 255 255 255 255 255 255 255
  255 255 255 255 191   0]
 [  0   0 255 255 255 255 255 255 255 255 255 255 255 255 255 255 255 255
  255 255 255 255 183   0]
 [  0   0 255 255 255 255 255 255 255 255 255 255 255 255 255 255 255 255
  255 255 255 255 175   0]
 [  0   0 234 255 255 255 255 255 255 255 255 255 255 255 255 255 255 255
  255 255 255 255 159   0]
 [  0   0 128 255 183 120 135 143 151 159 167 183 191 199 207 223 231 254
  252 255 255 255 151   0]
 [  0   0   0   0   0   0   0   0   0   0   0   0   0   0   0   0   0 108
   68   0   0   0   0   0]]"
95,4,1040_2_33a_H4,ICON,DATA,SPOUSE_BLIND,1091,232,1115,255,2,"[[  0   0   0   0   0   0   0   0   0   0   0   0   0   0   0   0   0   0
    0  45  40  32   0   0]
 [  0   9 182 255 255 255 255 255 255 255 255   0   0   0   0   0   0   0
   86 253 255 255   0   0]
 [  0  32 255 255 255 255 255 255 255 255 255   0   0   0   0   0   0   0
  128 255 255 255   0   0]
 [  0  40 255 255 255 255 255 255 255 255 250   0   0   0   0   0   0  12
  224 255 255 247   0   0]
 [  0  48 255 255 255 255 255 255 255 233  41   0   0   0   0   0   0   0
  118 255 255 239   0   0]
 [  0  64 255 255 255 255 255 255 239   0   0   0   0   0   0   0   0   0
    0  88 195 223   0   0]
 [  0  72 255 255 255 255 255 215  29   0   0   0   0 132 255 222  22   0
    0   0   0   0   0   0]
 [  0  80 255 255 255 255 224   0   0   0   0   0 179 255 255 255 215   0
    0   0   0   0   0   0]
 [  0  88 255 255 255 195  16   0   0   0   0 158 255 255 255 255 255  42
    0   0   0   0   0   0]
 [  0 203 255 255 255   0   0   0   0   3 215 255 255 255 255 255 255 235
  175   0   0   0   0   0]
 [  0 112 255 255  89   0   0   0   0 180 255 255 255 255 255 255 255 255
  255  40  24   0   0   0]
 [  0 120 255 135   0   0   0  10  16 255 255 255 255 255 255 255 255 255
  255 255 255   0   0   0]
 [  7 231 255  32   0   0   0 200 255 255 255 255 255 255 255 255 255 255
  255 255 255 159   0   0]
 [  0 143 247   0   0   0 255 255 255 255 255 255 255 255 255 255 255 255
  255 255 255 143   0   0]
 [  0 151 231   0   0   0 255 255 255 255 255 255 255 255 255 255 255 255
  255 255 255 135   0   0]
 [ 11 189 232  56  48 168 255 255 255 255 255 255 255 255 255 255 255 255
  255 255 255 128   0   0]
 [  7 184 255 255 255 255 255 255 255 255 255 255 255 255 255 255 255 255
  255 255 255 124   0   0]
 [  0  57 255 255 255 255 255 255 255 255 255 255 255 255 255 255 255 255
  255 255 255 255   0   0]
 [  0  42 255 255 255 255 255 255 255 255 255 255 255 255 255 255 255 255
  255 255 255 255   0   0]
 [  0   0 255 255 255 255 255 255 255 255 255 255 255 255 255 255 255 255
  255 255 255 255   0   0]
 [  0   0 255 255 255 255 255 255 255 255 255 255 255 255 255 255 255 255
  255 255 255 255   0   0]
 [  0   0  66 207 215 223 231 247 255 255 255 255 255 255 199  64  80  88
   96 104 120 128   0   0]
 [  0   0   0   0   0   0   0   0   0   0   0   0   0   0   0   0   0   0
    0   0   0   0   0   0]]"
96,5,1040_2_33a_H5,I,DATA,33_TOTAL_CHECKED,1233,230,1288,285,2,"[[255 255 255 ... 255 255 255]
 [255 255 255 ... 255 255 255]
 [255 255 255 ... 255 255 255]
 ...
 [255  37   0 ... 255 255 255]
 [255 231   0 ... 255 255 255]
 [207 188   0 ... 255 255 255]]"
97,6,1040_2_33b,ICON,DATA,IS_DEPENDENT,1229,297,1252,318,2,"[[  0 126 175 167 151 217 135  48   0   0  12 187 255 255 255 255 255 255
  239   0   0   0   0]
 [ 56 255 255 255 255 255 201   2   0   0  40 255 255 255 255 255 255 255
  231   0 255 112   0]
 [ 64 255 255 255 255 255   0   0   0  71 255 255 255 255 255 255 255 239
  241 255 255  96   0]
 [ 80 255 255 255 255  64   0   0   0 191 255 255 255 255 255 255 255  80
   48 255 255  88   0]
 [ 88 255 255 255 255  48   0   0  72 255 255 255 255 255 255 255 199  17
  255 255 255  80   0]
 [ 96 255 255 255 167   0   0   0 239 255 255 255 255 255 255 255 228 227
  255 255 255  72   0]
 [104 255 255 255  70   0   0  98 255 255 255 255 255 255 255 255 255 255
  255 255 255  56   0]
 [120 255 255  16   0   0   0 231 255 255 255 255 255 255 255 255 255 255
  255 255 255  48   0]
 [ 36 255 255   8   0   0 112 255 255 255 255 255 255 255 255 255 255 255
  255 255 255  40   0]
 [  0 255 255   0   0   0 251 255 255 255 255 255 255 255 255 255 255 255
  255 255 255 255   0]
 [  0 255 255   0   0   8 255 255 255 255 255 255 255 255 255 255 255 255
  255 255 255 255   0]
 [  0 255 255   0   0  16 255 255 255 255 255 255 255 255 255 255 255 255
  255 255 255 255   0]
 [  0 255 255 126   0   0 151 255 255 255 255 255 255 255 255 255 255 255
  255 255 255 255   0]
 [  0 255 255 255 255 255 250 255 255 255 255 255 255 255 255 255 255 255
  255 255 255 247   0]
 [  0 255 255 255 255 255 255 255 255 255 255 255 255 255 255 255 255 255
  255 255 255 231   0]
 [  0 255 255 255 255 255 255 255 255 255 255 255 255 255 255 255 255 255
  255 255 255 223   0]
 [  0 255 255 255 255 255 255 255 255 255 255 255 255 255 255 255 255 255
  255 255 255 215   0]
 [  0 255 255 255 255 255 255 255 255 255 255 255 255 255 255 255 255 255
  255 255 255 207   0]
 [  0 255 255 255 255 255 255 255 255 255 255 255 255 255 255 255 255 255
  255 255 255 191   0]
 [  0 241 255 255 255 255 255 255 255 255 255 255 255 255 255 255 255 255
  255 255 255 183   0]
 [  0  49 112 120 128 143 151 159 167   0   0   0   0   0   0   0   0   0
   16  24  32  27   0]]"
98,7,1040_2_33c,ICON,DATA,SPOUSE_ITEMIZES_DEDUCTIONS,1229,362,1251,384,2,"[[  0   0   0   0   0   0   0  24 143 135 128 112 104  96  88  80  64  56
   48  40  24   0]
 [  0  22 209 255 255 255 255 255 255 255 255 255 255 255 255 255 255 255
  255 255 255 130]
 [  0  72 255 255 255 255 255 255 255 255 255 255 255 255 255 255 255 255
  255 255 255 215]
 [  0 134 255 255 255 255 255 255 255 255 255 255 255 255 255 255 255 255
  255 255 255 207]
 [  0 255 255 255 255 255 255 255 255 255 255 255 255 255 255 255 255 255
  255 255 255 199]
 [  0 255 255 255 255 255 255 255 255 255 255 255 255 255 255 255 255 255
  255 255 255 191]
 [  0 255 255 255 255 255 255 255 255 255 255 255 255 255 255 255 255 255
  255 255 255 175]
 [  0 255 255 255 255 255 255 255 255 255 255 255 255 255 255 255 255 255
  255 255 255 167]
 [  1 162 255 255 255 255 255 255 255 255 255 255 255 255 255 255 255 255
  255 255 255 159]
 [  0 143 255 255 255 255 255 255 255 255 255 255 255 255 255 255 255 255
  255 255 255 151]
 [  0 151 255 255 255 255 255 255 255 255 255 255 255 255 255 255 255 255
  255 255 255 135]
 [ 12 186 255 255 255 255 255 255 255 255 255 255 255 255 255 255 255 255
  255 255 255 128]
 [  9 193 255 255 255 255 255 255 255 255 255 255 255 255 255 255 255 255
  255 255 255 120]
 [  0 183 255 255 255 255 255 255 255 255 255 255 255 255 255 255 255 255
  255 255 255 112]
 [  0 191 255 255 255 255 255 255 255 255 255 255 255 255 255 255 255 255
  255 255 255  96]
 [ 80 255 255 255 255 255 255 255 255 255 255 255 255 255 255 255 255 255
  255 255 255  88]
 [ 88 255 255 255 255 255 255 255 255 255 255 255 255 255 255 255 255 255
  255 255 255  80]
 [ 96 255 255 255 255 255 255 255 255 255 255 255 255 255 255 255 255 255
  255 255 255  72]
 [104 255 255 255 255 255 255 255 255 255 255 255 255 255 255 255 255 255
  255 255 255  56]
 [120 255 255 255 255 255 255 255 255 255 255 255 255 255 255 255 255 255
  255 255 255  48]
 [ 32 255 255 255 255 255 255 135 143 151 159 167 183 191 199 207 223 231
  239 247 255  40]
 [  0   0   0   0   0   0   0   0   0   0   0   0   0   0   0   0   0   0
    0   0   0   0]]"
99,8,1040_2_34_H1,ICON,DATA,ITEMIZED_DEDUCTION_ATTACHED,1000,459,1022,481,2,"[[  0   5 151 135 128 120 112 255  88  80  72  64  48 248 255 255 255 255
  247  22   0   0]
 [  0  46 255 255 255 255 255 255 255 255 255 255 255 255 255 255 255 255
  255 255 255  16]
 [  0 255 255 255 255 255 255 255 255 255 255 255 255 255 255 255 255 255
  255 255 255   8]
 [  0 255 255 255 255 255 255 255 255 255 255 255 255 255 255 255 255 255
  255 255 255   0]
 [  0 255 255 255 255 255 255 255 255 255 255 255 255 255 255 255 255 255
  255 255 255   0]
 [  0 255 255 255 255 255 255 255 255 255 255 255 255 255 255 255 255 255
  255 255 255   0]
 [  0 255 255 255 255 255 255 255 255 255 255 255 255 255 255 255 255 255
  255 255 255   0]
 [  0 255 255 255 255 255 255 255 255 255 255 255 255 255 255 255 255 255
  255 255 255   0]
 [  0 255 255 255 255 255 255 255 255 255 255 255 255 255 255 255 255 255
  255 255 255   0]
 [  0 255 255 255 255 255 255 255 255 255 255 255 255 255 255 255 255 255
  255 255 255   0]
 [  0 255 255 255 255 255 255 255 255 255 255 255 255 255 255 255 255 255
  255 255 255   0]
 [  0 255 255 255 255 255 255 255 255 255 255 255 255 255 255 255 255 255
  255 255 255   0]
 [  0 255 255 255 255 255 255 255 255 255 255 255 255 255 255 255 255 255
  255 255 255   0]
 [ 16 255 255 255 255 255 255 255 255 255 255 255 255 255 255 255 255 255
  255 255 255   0]
 [ 24 255 255 255 255 255 255 255 255 255 255 255 255 255 255 255 255 255
  255 255 255   0]
 [ 32 255 255 255 255 255 255 255 255 255 255 255 255 255 255 255 255 255
  255 255 255   0]
 [ 40 255 255 255 255 255 255 255 255 255 255 255 255 255 255 255 255 255
  255 255 247   0]
 [ 56 255 255 255 255 255 255 255 255 255 255 255 255 255 255 255 255 255
  255 255 238  28]
 [ 64 255 255 255 255 255 255 255 255 255 255 255 255 255 255 255 255 255
  255 255 230  24]
 [  0 199 255 255 255 255 255 255 255 255 255 255 255 255 255 255 255 255
  255 255 155   0]
 [  0 104 135 143 159 167 175 183  56 207 215 223 239 247 255 255 255 255
  255 255   0   0]
 [  0   0   0   0   0   0   0   0   0   0   0   0   0   0   0   0   0   0
    0   0   0   0]]"
100,9,1040_2_34_H2,F,DATA,TAX_DEDUCTIONS,1355,384,1595,452,2,"[[255 255 255 ... 255 255 255]
 [255 255 255 ... 255 255 255]
 [255 255 255 ... 255 255 255]
 ...
 [255 255 255 ... 255 255 255]
 [ 34 143 159 ... 255 255 255]
 [  0   0   0 ... 243 171 244]]"
101,10,1040_2_35,F,DATA,INCOME_AFTER_DEDUCTIONS,1355,452,1595,520,2,"[[  0   0   0 ...   0   0   0]
 [  0   0   0 ...   0   0   0]
 [112 104 255 ...   0  31   0]
 ...
 [120 167 255 ... 255 255 255]
 [  0   0  16 ... 255 255 159]
 [  0   0   0 ...   0   0   0]]"
102,11,1040_2_36,F,DATA,TOTAL_EXEMPTIONS,1355,520,1595,554,2,"[[  0   0   0 ...   0   0   0]
 [255 255 255 ... 255  95 255]
 [255 255 255 ... 255 255 255]
 ...
 [  0 120 199 ... 231 244 255]
 [  0   0   0 ...   0  35 120]
 [  0   0   0 ...   0   0   0]]"
103,12,1040_2_37_V1,F,DATA,TAXABLE_INCOME,1355,554,1595,587,2,"[[  0   0   0 ...   0   0   0]
 [ 72 219 255 ...  16   8   0]
 [255 255 255 ... 255 255 255]
 ...
 [170 255 255 ... 255 255 255]
 [  0   0   0 ... 255 255 255]
 [  0   0   0 ...   0   0   0]]"
104,13,1040_2_37_V2,ICON,DATA,UNDER_14_WITH_INVESTMENT_INCOME,1252,596,1274,620,2,"[[  0   0   0   0   0   0   0   0   0   0   0   0   0   0   0   0   0   0
    0   0   0   0]
 [  0   0   0   0   0   0   0   0   0   0   0   0   0   0   0   0   0  49
   80  31   0   0]
 [  0  90 104  96  88 206 255 255 255 255 255 255 255 255 247 231 223 240
  255 217   0   0]
 [  0 199 255 255 255 255 255 255 255 255 255 255 255 255 255 255 255 255
  255 255  56  18]
 [  0 207 255 255 255 255 255 255 255 255 255 255 255 255 255 255 255 255
  255 255 255  88]
 [  0 215 255 255 255 255 255 255 255 255 255 255 255 255 255 255 255 255
  255 255 255  72]
 [  0 223 255 255 255 255 255 255 255 255 255 255 255 255 255 255 255 255
  255 255 255  64]
 [  0 239 255 255 255 255 255 255 255 255 255 255 255 255 255 255 255 255
  255 255 255  56]
 [  0 247 255 255 255 255 255 255 255 255 255 255 255 255 255 255 255 255
  255 255 255  48]
 [  0 255 255 255 255 255 255 255 255 255 255 255 255 255 255 255 255 255
  255 255 255  32]
 [  0 255 255 255 255 255 255 255 255 255 255 255 255 255 255 255 255 255
  255 255 255  24]
 [  0 255 255 255 255 255 255 255 255 255 255 255 255 255 255 255 255 255
  255 255 255  16]
 [ 90 255 255 255 255 255 255 255 255 255 255 255 255 255 255 255 255 255
  255 255 255   8]
 [157 255 255 255 255 255 255 255 255 255 255 255 255 255 255 255 255 255
  255 255 255   0]
 [183 255 255 255 255 255 255 255 255 255 255 255 255 255 255 255 255 255
  255 255 255   0]
 [ 18 255 255 255 255 255 255 255 255 255 255 255 255 255 255 255 255 255
  255 255 255   0]
 [  0 255 255 255 255 255 255 255 255 255 255 255 255 255 255 255 255 255
  255 255 255   0]
 [  0 255 255 255 255 255 255 255 255 255 255 255 255 255 255 255 255 255
  255 255 255   0]
 [  0 255 255 255 255 255 255 255 255 255 255 255 255 255 255 255 255 255
  255 255 255   0]
 [  0 255 255 255 255 255 255 255 255 255 255 255 255 255 255 255 255 255
  255 255 255   0]
 [  0 255 255 255 255 255 255 255 255 255 255 255 255 255 255 255 255 255
  255 255 255   0]
 [  0 255 255 255 255 255 255 255 255 255 255 255 255 255 255 255 255 255
  255 255 255   0]
 [  5 175 183 191 199   0   0 108   7   0 240  16 241  40 236 255 255 255
  255 255 123   0]
 [  0   0   0   0   0   0   0   0   0   0   0   0   0   0   0   0   0   0
    0   0   0   0]]"
105,14,1040_2_38_H1,ICON,DATA,TAX_FROM_TAX_TABLE,587,663,609,686,2,"[[  0   0   0   0   0   0   0   0   0   0   0   0   0   0   0   0   0   0
    0   0   0   0]
 [  0  39 239 231 215 207 199 191 175 167 159 151 135 128 120 112  96  88
   80  72  56   0]
 [  0 255 255 255 255 255 255 255 255 255 255 255 255 255 255 255 255 255
  255 255 255   0]
 [  0 255 255 255 255 255 255 255 255 255 255 255 255 255 255 255 255 255
  255 255 255  42]
 [  0 255 255 255 255 255 255 255 255 255 255 255 255 255 255 255 255 255
  255 255 255 215]
 [  0 255 255 255 255 255 255 255 255 255 255 255 255 255 255 255 255 255
  255 255 255 207]
 [  0 255 255 255 255 255 255 255 255 255 255 255 255 255 255 255 255 255
  255 255 255 199]
 [  0 255 255 255 255 255 255 255 255 255 255 255 255 255 255 255 255 255
  255 255 255 183]
 [  0 255 255 255 255 255 255 255 255 255 255 255 255 255 255 255 255 255
  255 255 255 175]
 [  0 255 255 255 255 255 255 255 255 255 255 255 255 255 255 255 255 255
  255 255 255 167]
 [  0 255 255 255 255 255 255 255 255 255 255 255 255 255 255 255 255 255
  255 255 255 151]
 [ 16 255 255 255 255 255 255 255 255 255 255 255 255 255 255 255 255 255
  255 255 255 143]
 [ 24 255 255 255 255 255 255 255 255 255 255 255 255 255 255 255 255 255
  255 255 255 135]
 [ 32 255 255 255 255 255 255 255 255 255 255 255 255 255 255 255 255 255
  255 255 255 128]
 [ 48 255 255 255 255 255 255 255 255 255 255 255 255 255 255 255 255 255
  255 255 255 112]
 [ 56 255 255 255 255 255 255 255 255 255 255 255 255 255 255 255 255 255
  255 255 255 104]
 [ 64 255 255 255 255 255 255 255 255 255 255 255 255 255 255 255 255 255
  255 255 255  96]
 [ 72 255 255 255 255 255 255 255 255 255 255 255 255 255 255 255 255 255
  255 255 207   0]
 [187 255 255 255 255 255 255 255 255 255 255 255 255 255 255 255 255 255
  255 255 199   0]
 [ 96 255 255 255 255 255 255 255 255 255 255 255 255 255 255 255 255 255
  255 255 191   0]
 [  0 152 255 255 255 255 255 255 255 255 255 255 255 255 255 255 255 255
  255 255 175   0]
 [  0   0  48  56  72  80  88  96 112 120 128 135 151 159 167 175 191 199
  207 215   0   0]
 [  0   0   0   0   0   0   0   0   0   0   0   0   0   0   0   0   0   0
    0   0   0   0]]"
106,15,1040_2_38_H2,ICON,DATA,TAX_FROM_TAX_RATE_SCHEDULES,727,664,750,686,2,"[[  0 128 120 112  96  88  80  72  56  48  40  23   0   0   0   0   0   0
    0   0   0   0   0]
 [216 255 255 255 255 255 255 255 255 255 255 175   0   0   0   0   0   0
  199 255  64   0   0]
 [  0 255 255 255 255 255 255 255 255 255 255 152   0   0   0   0   0   0
  207 255 203   0   0]
 [  0 255 255 255 255 255 255 255 255 255 111   0   0   0   0   0   0   0
    0 208 255   0   0]
 [  0 255 255 255 255 255 255 255 255 143   0   0   0   0   0   0   0   0
    0  96 255   0   0]
 [  8 255 255 255 255 255 255 255 255 135   0   0   0 120 255 143   0   0
    0   0 231  28   0]
 [ 16 255 255 255 255 255 255 255 201   0   0   0   0 128 255 243   7   0
    0   0 247 143   0]
 [  0 162 255 255 255 255 255 255   0   0   0   0   8 255 255 255  93   0
    0   0   0   0   0]
 [  0 167 255 255 255 255 255 255   0   0   0   0 255 255 255 255 253  94
    0   0   0   0   0]
 [ 48 250 255 255 255 255 255 255   0   0   0  90 255 255 255 255 255 151
    0   0   0   0   0]
 [ 64 255 255 255 255 255 255 255 215  32  24 173 255 255 255 255 255 255
    0   0   0   0   0]
 [ 72 255 255 255 255 255 255 255 255 255 255 255 255 255 255 255 255 255
  226  56   0   0   0]
 [ 80 255 255 255 255 255 255 255 255 255 255 255 255 255 255 255 255 255
  255 255   0   0   0]
 [ 88 255 255 255 255 255 255 255 255 255 255 255 255 255 255 255 255 255
  255 255 255  72   0]
 [104 255 255 255 255 255 255 255 255 255 255 255 255 255 255 255 255 255
  255 255 206  21   0]
 [112 255 255 255 255 255 255 255 255 255 255 255 255 255 255 255 255 255
  255 255 243  42   0]
 [120 255 255 255 255 255 255 255 255 255 255 255 255 255 255 255 255 255
  255 255 167   0   0]
 [128 255 255 255 255 255 255 255 255 255 255 255 255 255 255 255 255 255
  255 255 151   0   0]
 [143 255 255 255 255 255 255 255 255 255 255 255 255 255 255 255 255 255
  255 255 143   0   0]
 [151 255 255 255 255 255 255 255 255 255 255 255 255 255 255 255 255 255
  255 255 135   0   0]
 [  0  20 167 175 191 199 207 215 231 239 247 255 255 255 255 255 255 255
  255 255 128   0   0]
 [  0   0   0   0   0   0   0   0   0   0   0   0   0   0   0   0   0   0
    0   0   0   0   0]]"
107,16,1040_2_38_H3,ICON,DATA,TAX_FROM_FORM_8615,991,664,1013,687,2,"[[  0   0   0   0   0   0   0   0   0   0   0   0   0   0   0   0   0   0
    0   0   0   0]
 [  0 121 167 159 143 135 128 120 127 155 255 255  64 180 255 255 255 255
    8   0   0   0]
 [  0 183 255 255 255 255 255 255 255 255 255 255 255 255 255 255 255 255
  255 255 242  42]
 [ 52 238 255 255 255 255 255 255 255 255 255 255 255 255 255 255 255 255
  255 255 218   9]
 [ 80 255 255 255 255 255 255 255 255 255 255 255 255 255 255 255 255 255
  255 255 207   0]
 [ 88 255 255 255 255 255 255 255 255 255 255 255 255 255 255 255 255 255
  255 255 199   0]
 [104 255 255 255 255 255 255 255 255 255 255 255 255 255 255 255 255 255
  255 255 191   0]
 [112 255 255 255 255 255 255 255 255 255 255 255 255 255 255 255 255 255
  255 255 175   0]
 [  0 247 255 255 255 255 255 255 255 255 255 255 255 255 255 255 255 255
  255 255 167   0]
 [  0 255 255 255 255 255 255 255 255 255 255 255 255 255 255 255 255 255
  255 255 246  27]
 [  0 255 255 255 255 255 255 255 255 255 255 255 255 255 255 255 255 255
  255 255 255  24]
 [  0 255 255 255 255 255 255 255 255 255 255 255 255 255 255 255 255 255
  255 255 255  16]
 [  0 255 255 255 255 255 255 255 255 255 255 255 255 255 255 255 255 255
  255 255 255 255]
 [  0 121 255 255 255 255 255 255 255 255 255 255 255 255 255 255 255 255
  255 255 255 247]
 [  0  48 255 255 255 255 255 255 255 255 255 255 255 255 255 255 255 255
  255 255 255 239]
 [  0  64 255 255 255 255 255 255 255 255 255 255 255 255 255 255 255 255
  255 255 255  43]
 [  0  72 255 255 255 255 255 255 255 255 255 255 255 255 255 255 255 255
  255 255 255 148]
 [  0  80 255 255 255 255 255 255 255 255 255 255 255 255 255 255 255 255
  255 255 255   0]
 [  0  88 255 255 255 255 255 255 255 255 255 255 255 255 255 255 255 255
  255 255 255   0]
 [  0 104 255 255 255 255 255 255 255 255 255 255 255 255 255 255 255 255
  255 255 255   0]
 [  0 105 255 255 255 255 255 255 255 255 255 255 255 255 255 255 255 255
  255 255 255   0]
 [  0   0 116 135 143 151 159 175 183 191 199 215 223  94 239 255 255 255
  255 255  80   0]
 [  0   0   0   0   0   0   0   0   0   0   0   0   0   0   0   0   0   0
    0   0   0   0]]"
108,17,1040_2_38_H4,F,DATA,INCOME_TAX,1353,631,1595,689,2,"[[  0   0 255 ... 255 255 255]
 [  0   0 255 ... 255 255 255]
 [  0   0 255 ... 255 255 255]
 ...
 [  0   0  12 ... 255 255 255]
 [  0   0   0 ... 223 231 255]
 [  0   0   0 ...   0   0 120]]"
109,18,1040_2_39_H1,ICON,DATA,ADDITIONAL_TAX_FROM_FORM_4970,788,697,812,720,2,"[[  0   0   0   0   0   0   0   0   0   0   0   0   0   0   0   0   0   0
    0   0   0   0   0   0]
 [  0   0  70 215 199 191 183 175 159 151 143 135 153 255 255 255 255 255
  255 255 255 255   0   0]
 [  0   0 255 255 255 255 255 255 255 255 255 255 255 255 255 255 255 255
  255 255 255 255   0   0]
 [  0   0 255 255 255 255 255 255 255 255 255 255 255 255 255 255 255 255
  255 255 255 255   0   0]
 [  0   0 255 255 255 255 255 255 255 255 255 255 255 255 255 255 255 255
  255 255 255 255   0   0]
 [  0   0 255 255 255 255 255 255 255 255 255 255 255 255 255 255 255 255
  255 255 255 255   0   0]
 [  0   0 255 255 255 255 255 255 255 255 255 255 255 255 255 255 255 255
  255 255 255 255   0   0]
 [  0   8 255 255 255 255 255 255 255 255 255 255 255 255 255 255 255 255
  255 255 255 255   0   0]
 [  0  24 255 255 255 255 255 255 255 255 255 255 255 255 255 255 255 255
  255 255 255 255   0   0]
 [  0  32 255 255 255 255 255 255 255 255 255 255 255 255 255 255 255 255
  255 255 255 255   0   0]
 [  0  40 255 255 255 255 255 255 255 255 255 255 255 255 255 255 255 255
  255 255 255 247   0   0]
 [  0  56 255 255 255 255 255 255 255 255 255 255 255 255 255 255 255 255
  255 255 255 231   0   0]
 [  0  64 255 255 255 255 255 255 255 255 255 255 255 255 255 255 255 255
  255 255 255 223   0   0]
 [  0  72 255 255 255 255 255 255 255 255 255 255 255 255 255 255 255 255
  255 255 255 215   0   0]
 [  0  80 255 255 255 255 255 255 255 255 255 255 255 255 255 255 255 255
  255 255 255 207   0   0]
 [  0  96 255 255 255 255 255 255 255 255 255 255 255 255 255 255 255 255
  255 255 255 191   0   0]
 [  0 104 255 255 255 255 255 255 255 255 255 255 255 255 255 255 255 255
  255 255 255 183   0   0]
 [  0 112 255 255 255 255 255 255 255 255 255 255 255 255 255 255 255 255
  255 255 255 175   0   0]
 [  0 120 255 255 255 255 255 255 255 255 255 255 255 255 255 255 255 255
  255 255 255 167   0   0]
 [  0 135 255 255 255 255 255 255 255 255 255 255 255 255 255 255 255 255
  255 255 255 151   0   0]
 [  0 103 195 255 216 255 255 255 255 255 255 255 255 255 255 255 255 255
  255 255 255  72   0   0]
 [  0   0   6  80   8  96 104 120 128 135 143 159   0   0   0   0   0   0
    0   0   0   0   0   0]
 [  0   0   0   0   0   0   0   0   0   0   0   0   0   0   0   0   0   0
    0   0   0   0   0   0]]"
110,19,1040_2_39_H2,ICON,DATA,ADDITIONAL_TAX_FROM_FORM_4972,991,698,1014,722,2,"[[  0   0   0   0   0   0   0   0   0   0   0   0   0   0   0   0   0   0
    0   0   0   0   0]
 [  0 124 255 255 255 255 255 255 255 255 255 255 255 255 247 231 223 215
  207 191 109   0   0]
 [  0 255 255 255 255 255 255 255 255 255 255 255 255 255 255 255 255 255
  255 255 255  16   0]
 [  0 255 255 255 255 255 255 255 255 255 255 255 255 255 255 255 255 255
  255 255 255   8   0]
 [  0 255 255 255 255 255 255 255 255 255 255 255 255 255 255 255 255 255
  255 255 255 255   0]
 [  0 255 255 255 255 255 255 255 255 255 255 255 255 255 255 255 255 255
  255 255 255 239   0]
 [  0 255 255 255 255 255 255 255 255 255 255 255 255 255 255 255 255 255
  255 255 255 231   0]
 [  0 255 255 255 255 255 255 255 255 255 255 255 255 255 255 255 255 255
  255 255 255  77   0]
 [  0  96 255 255 255 255 255 255 255 255 255 255 255 255 255 255 255 255
  255 255 255   0   0]
 [  0 156 255 255 255 255 255 255 255 255 255 255 255 255 255 255 255 255
  255 255 255   0   0]
 [  0 255 255 255 255 255 255 255 255 255 255 255 255 255 255 255 255 255
  255 255 255   0   0]
 [  0 255 255 255 255 255 255 255 255 255 255 255 255 255 255 255 255 255
  255 255 255   0   0]
 [  0 255 255 255 255 255 255 255 255 255 255 255 255 255 255 255 255 255
  255 255 255   0   0]
 [  0 255 255 255 255 255 255 255 255 255 255 255 255 255 255 255 255 255
  255 255 255  95   0]
 [  8 255 255 255 255 255 255 255 255 255 255 255 255 255 255 255 255 255
  255 255 255 151   0]
 [ 24 255 255 255 255 255 255 255 255 255 255 255 255 255 255 255 255 255
  255 255 255  58   0]
 [ 32 255 255 255 255 255 255 255 255 255 255 255 255 255 255 255 255 255
  255 255 255   0   0]
 [ 40 255 255 255 255 255 255 255 255 255 255 255 255 255 255 255 255 255
  255 255 247   0   0]
 [ 48 255 255 255 255 255 255 255 255 255 255 255 255 255 255 255 255 255
  255 255 255 112   0]
 [  0 191 255 255 255 255 255 255 255 255 255 255 255 255 255 255 255 255
  255 255 241  45   0]
 [  0  31 255 255 255 255  88 212 255 158 255 255 255 255 255 255 255 255
  255 234 195   0   0]
 [  0   0   0   0   0   0   0   0   0   0   8  16  24  32  48  56  64  72
   88  30   0   0   0]
 [  0   0   0   0   0   0   0   0   0   0   0   0   0   0   0   0   0   0
    0   0   0   0   0]
 [  0   0   0   0   0   0   0   0   0   0   0   0   0   0   0   0   0   0
    0   0   0   0   0]]"
111,20,1040_2_39_H3,F,DATA,ADDITIONAL_TAXES,1353,689,1595,723,2,"[[  0   0   0 ... 231   9 255]
 [  0   0 114 ... 242 213 255]
 [  0   0 143 ... 255 255 255]
 ...
 [  0   0   0 ... 159 236 195]
 [  0   0   0 ...   0  32  17]
 [  0   0   0 ...   0   0   0]]"
112,21,1040_2_40,F,DATA,INITIAL_COMPUTED_TAX,1353,723,1595,790,2,"[[  0   0  26 ... 215  26 199]
 [  0   0 215 ... 255 255 255]
 [  0   0 231 ... 255 255 255]
 ...
 [  0   0  25 ... 174 197 255]
 [150  48   0 ...   4  96  81]
 [ 27  80 159 ... 157 175  17]]"
113,22,1040_2_41,F,DATA,CREDIT_FOR_CHILD,1049,790,1289,823,2,"[[ 72   0   0 ... 255 255 255]
 [ 64   0   0 ... 255 255 255]
 [ 56   0   0 ... 255 255 255]
 ...
 [  3   0   0 ... 255 255 255]
 [  0   0   0 ...   0   0   0]
 [  0   0   0 ... 104 143 135]]"
114,23,1040_2_42,F,DATA,CREDIT_FOR_ELDERLY_AND_DISABLED,1049,823,1289,857,2,"[[  0   0   0 ... 255 255 255]
 [  0   0   0 ... 255 255 255]
 [  0   0   0 ... 255 255 255]
 ...
 [  0   0   0 ...   0   0   0]
 [  0   0   0 ...   0   0   0]
 [  0   0   0 ... 255 255  72]]"
115,24,1040_2_43,F,DATA,FOREIGN_TAX_CREDIT,1049,857,1289,890,2,"[[  0   0   0 ... 255 255 255]
 [  0   0   0 ... 255 255 255]
 [  0   0   0 ... 255 255 255]
 ...
 [  0   0   0 ...  96 112 120]
 [  0   0   0 ...   0   0   0]
 [  0   0   0 ... 151 143 135]]"
116,25,1040_2_44_H1,ICON,DATA,GENERAL_BUSINESS_CREDIT_FROM_FORM_3800,347,931,370,953,2,"[[  0  56  48  40  24  16   8  40  90   0   0   0   0   0   0   0   0   0
    0 123   0   0   0]
 [  0 255 255 255 255 255 255 255 255 255 255 255 255 255 255 255 255 255
  255 255  93   0   0]
 [  0 255 255 255 255 255 255 255 255 255 255 255 255 255 255 255 255 255
  255 255 255   0   0]
 [  0 255 255 255 255 255 255 255 255 255 255 255 255 255 255 255 255 255
  255 255 255   0   0]
 [  0 255 255 255 255 255 255 255 255 255 255 255 255 255 255 255 255 255
  255 255 255   0   0]
 [  0 255 255 255 255 255 255 255 255 255 255 255 255 255 255 255 255 255
  255 255 255   0   0]
 [  0 255 255 255 255 255 255 255 255 255 255 255 255 255 255 255 255 255
  255 255 255   0   0]
 [  0 255 255 255 255 255 255 255 255 255 255 255 255 255 255 255 255 255
  255 255 255   0   0]
 [  0 255 255 255 255 255 255 255 255 255 255 255 255 255 255 255 255 255
  255 255 255   0   0]
 [  8 255 255 255 255 255 255 255 255 255 255 255 255 255 255 255 255 255
  255 255 255   0   0]
 [ 24 255 255 255 255 255 255 255 255 255 255 255 255 255 255 255 255 255
  255 255 255   0   0]
 [ 32 255 255 255 255 255 255 255 255 255 255 255 255 255 255 255 255 255
  255 255 247   0   0]
 [ 40 255 255 255 255 255 255 255 255 255 255 255 255 255 255 255 255 255
  255 255 239   0   0]
 [ 56 255 255 255 255 255 255 255 255 255 255 255 255 255 255 255 255 255
  255 255 231   0   0]
 [ 64 255 255 255 255 255 255 255 255 255 255 255 255 255 255 255 255 255
  255 255 223   0   0]
 [ 72 255 255 255 255 255 255 255 255 255 255 255 255 255 255 255 255 255
  255 255 207   0   0]
 [ 80 255 255 255 255 255 255 255 255 255 255 255 255 255 255 255 255 255
  255 255 199   0   0]
 [ 96 255 255 255 255 255 255 255 255 255 255 255 255 255 255 255 255 255
  255 255 191   0   0]
 [  0 231 255 255 255 255 255 255 255 255 255 255 255 255 255 255 255 255
  255 255 205  17   0]
 [  0  97 255 255 255 255 255 255 255 255 255 255 255 255 255 255 255 255
  255 255 255  40   0]
 [  0   0   0   0   8  16  24  40  48  56  64  80  88  96 104 120 128 135
  143 159 105   0   0]
 [  0   0   0   0   0   0   0   0   0   0   0   0   0   0   0   0   0   0
    0   0   0   0   0]]"
117,26,1040_2_44_H2,ICON,DATA,GENERAL_BUSINESS_CREDIT_FROM_OTHER_FORM,588,931,611,955,2,"[[  0   0   0   0   0   0   0   0   0   0   0   0   0   0   0   0   0   0
    0   1   0   0   0]
 [  0 255 255 255 255 255 255 247 239 231 223 207 199 191 183 167 159 151
  143 155 158   0   0]
 [  0 255 255 255 255 255 255 255 255 255 255 255 255 255 255 255 255 255
  255 255 255   0   0]
 [  0 255 255 255 255 255 255 255 255 255 255 255 255 255 255 255 255 255
  255 255 255   0   0]
 [  0 255 255 255 255 255 255 255 255 255 255 255 255 255 255 255 255 255
  255 255 255   0   0]
 [  0 255 255 255 255 255 255 255 255 255 255 255 255 255 255 255 255 255
  255 255 255   0   0]
 [  8 255 255 255 255 255 255 255 255 255 255 255 255 255 255 255 255 255
  255 255 255   0   0]
 [ 24 255 255 255 255 255 255 255 255 255 255 255 255 255 255 255 255 255
  255 255 255   0   0]
 [ 32 255 255 255 255 255 255 255 255 255 255 255 255 255 255 255 255 255
  255 255 255   0   0]
 [ 40 255 255 255 255 255 255 255 255 255 255 255 255 255 255 255 255 255
  255 255 247   0   0]
 [ 56 255 255 255 255 255 255 255 255 255 255 255 255 255 255 255 255 255
  255 255 231   0   0]
 [ 64 255 255 255 255 255 255 255 255 255 255 255 255 255 255 255 255 255
  255 255 223   0   0]
 [ 72 255 255 255 255 255 255 255 255 255 255 255 255 255 255 255 255 255
  255 255 215   0   0]
 [ 80 255 255 255 255 255 255 255 255 255 255 255 255 255 255 255 255 255
  255 255 207   0   0]
 [ 96 255 255 255 255 255 255 255 255 255 255 255 255 255 255 255 255 255
  255 255 191   0   0]
 [104 255 255 255 255 255 255 255 255 255 255 255 255 255 255 255 255 255
  255 255 183   0   0]
 [112 255 255 255 255 255 255 255 255 255 255 255 255 255 255 255 255 255
  255 255 175   0   0]
 [120 255 255 255 255 255 255 255 255 255 255 255 255 255 255 255 255 255
  255 255 159   0   0]
 [135 255 255 255 255 255 255 255 255 255 255 255 255 255 255 255 255 255
  255 255 151   0   0]
 [143 255 255 255 255 255 255 255 255 255 255 255 255 255 255 255 255 255
  255 255 143   0   0]
 [ 57 104 112 128 135 143 151 167 175 183 191 207 215 223 248 255 255 255
  255  32  21   0   0]
 [  0   0   0   0   0   0   0   0   0   0   0   0   0   0  63 120 128   0
    0   0   0   0   0]
 [  0   0   0   0   0   0   0   0   0   0   0   0   0   0   0   0   0   0
    0   0   0   0   0]
 [  0   0   0   0   0   0   0   0   0   0   0   0   0   0   0   0   0   0
    0   0   0   0  38]]"
118,27,1040_2_44_H3,A,DATA,GENERAL_BUSINESS_CREDIT_FORM_NUM,766,925,889,953,2,"[[255 255 255 ... 255 255 255]
 [255 255 255 ... 255 255 255]
 [255 255 255 ... 255 255 255]
 ...
 [255 255 255 ... 255 255 255]
 [255 255 255 ... 255 255 255]
 [255 239   0 ... 255 255 255]]"
119,28,1040_2_44_H4,F,DATA,GENERAL_BUSINESS_CREDIT,1049,890,1289,957,2,"[[ 39   0   0 ... 255 255 255]
 [ 88   0   0 ... 255 255 255]
 [ 72   0   0 ... 255 255 255]
 ...
 [  0   0   0 ... 104 112 120]
 [  0   0   0 ...   0   0   0]
 [  0   0   0 ... 151 135 128]]"
120,29,1040_2_45,F,DATA,CREDIT_FOR_PRIOR_YEAR_MIN_TAX,1049,957,1289,990,2,"[[  0   0   0 ... 255 255 255]
 [  0   0   0 ... 255 255 255]
 [  0   0   0 ... 255 255 255]
 ...
 [  0   0   0 ... 255 255 255]
 [  0   0   0 ...   0   0   0]
 [  0   0   0 ...   0   0   0]]"
121,30,1040_2_46,F,DATA,TOTAL_TAX_CREDIT,1353,954,1595,1022,2,"[[  0   0 167 ... 255 255 255]
 [  0   0 207 ... 255 255 255]
 [  0   0 215 ... 255 255 255]
 ...
 [  0   0  72 ... 255 255 255]
 [  0   0   0 ... 255  77 255]
 [  0   0   0 ...   0   0   0]]"
122,31,1040_2_47,F,DATA,COMPUTED_TAX_AFTER_CREDITS,1353,1022,1595,1055,2,"[[  0   0   0 ...   0   0   0]
 [  0   0   0 ...   0   0   0]
 [  0   0  37 ...   0   0   0]
 ...
 [  0  14 245 ... 255 255 255]
 [  0   0 151 ... 255 255 255]
 [  0   0   0 ... 255 255 255]]"
123,32,1040_2_48,F,DATA,SELF_EMPLOYMENT_TAX,1353,1055,1595,1089,2,"[[ 52   0   0 ... 255 255 255]
 [ 63 231 239 ... 255 255 255]
 [  0   0   0 ... 218 255 255]
 ...
 [  0   0   0 ... 255 255 255]
 [  0   0   0 ... 255 255 255]
 [  0   0   0 ... 143 104 167]]"
124,33,1040_2_49,F,DATA,ALTERNATIVE_MINIMUM_TAX,1353,1089,1595,1123,2,"[[  0   0   0 ...   0  30   0]
 [  0   0   0 ...   0   0  80]
 [  0   0   4 ... 231 215 255]
 ...
 [  0   0  48 ... 255 255 255]
 [  0   0   0 ... 255 255 255]
 [  0   0   0 ...   0   0   0]]"
125,34,1040_2_50_H1,ICON,DATA,RECAPTURE_TAXES_FROM_FORM_4255,787,1134,811,1156,2,"[[  0   0   0   0   0   0   0   0   0   0   0   0   0   0   0   0   0   0
    0   0   0   0   0   0]
 [  0   0  88  80 255 255 255 255 255 255 255 255 239 231 223 215 199 191
  183 167 159   0   0   0]
 [  0   0 255 255 255 255 255 255 255 255 255 255 255 255 255 255 255 255
  255 255 255 120   0   0]
 [  0   0 255 255 255 255 255 255 255 255 255 255 255 255 255 255 255 255
  255 255 255 112   0   0]
 [  0   0 255 255 255 255 255 255 255 255 255 255 255 255 255 255 255 255
  255 255 255 104   0   0]
 [  0   0 255 255 255 255 255 255 255 255 255 255 255 255 255 255 255 255
  255 255 255  96   0   0]
 [  0   0 255 255 255 255 255 255 255 255 255 255 255 255 255 255 255 255
  255 255 255  80   0   0]
 [  0   0 255 255 255 255 255 255 255 255 255 255 255 255 255 255 255 255
  255 255 255  72   0   0]
 [  0   0 255 255 255 255 255 255 255 255 255 255 255 255 255 255 255 255
  255 255 255  70   0   0]
 [  0   0 255 255 255 255 255 255 255 255 255 255 255 255 255 255 255 255
  255 255 255 255   0   0]
 [  0   0 255 255 255 255 255 255 255 255 255 255 255 255 255 255 255 255
  255 255 255 248   0   0]
 [  0   0 255 255 255 255 255 255 255 255 255 255 255 255 255 255 255 255
  255 255 255  32   0   0]
 [  0  16 255 255 255 255 255 255 255 255 255 255 255 255 255 255 255 255
  255 255 255 255   0   0]
 [  0  17 229 255 255 255 255 255 255 255 255 255 255 255 255 255 255 255
  255 255 255 131   0   0]
 [  0   0 159 255 255 255 255 255 255 255 255 255 255 255 255 255 255 255
  255 255 255 255   0   0]
 [  0   0 167 255 255 255 255 255 255 255 255 255 255 255 255 255 255 255
  255 255 255 247   0   0]
 [  0   0 183 255 255 255 255 255 255 255 255 255 255 255 255 255 255 255
  255 255 255 239   0   0]
 [  0   0 191 255 255 255 255 255 255 255 255 255 255 255 255 255 255 255
  255 255 255 238  45   0]
 [  0   0 199 255 255 255 255 255 255 255 255 255 255 255 255 255 255 255
  255 255 255 255  88   0]
 [  0   0 207 255 255 255 255 255 255 255 255 255 255 255 255 255 255 255
  255 255 255 207   0   0]
 [  0   0  70  88  96 104 120 128 135 151 159 167 175 191 199 221 224 231
  239 247 255 199   0   0]
 [  0   0   0   0   0   0   0   0   0   0   0   0   0   0   0  25  18   0
    0   0   0   0   0   0]]"
126,35,1040_2_50_H2,ICON,DATA,RECAPTURE_TAXES_FROM_FORM_8611,970,1134,992,1157,2,"[[  0   0   0   0   0   0   0   0   0   0   0   0   0   0   0   0   0   0
    0   0   0   0]
 [  0   0   0   0   0   0   0   0   0   0   0   0   0   0   0   0   0   0
    0   0   0   0]
 [  0   0  52 135 128 120 255 255 255 255 255 255 255 255 255 255 255 247
  239 231 223  58]
 [  0   0 255 255 255 255 255 255 255 255 255 255 255 255 255 255 255 255
  255 255 255 255]
 [  0   0 255 255 255 255 255 255 255 255 255 255 255 255 255 255 255 255
  255 255 255 255]
 [  0   0 255 255 255 255 255 255 255 255 255 255 255 255 255 255 255 255
  255 255 255  48]
 [  0   0 255 255 255 255 255 255 255 255 255 255 255 255 255 255 255 255
  255 255 255 206]
 [  0  16 255 255 255 255 255 255 255 255 255 255 255 255 255 255 255 255
  255 255 255 255]
 [  0  24 255 255 255 255 255 255 255 255 255 255 255 255 255 255 255 255
  255 255 255 255]
 [  0  32 255 255 255 255 255 255 255 255 255 255 255 255 255 255 255 255
  255 255 255 255]
 [  0  40 255 255 255 255 255 255 255 255 255 255 255 255 255 255 255 255
  255 255 255 247]
 [  0  56 255 255 255 255 255 255 255 255 255 255 255 255 255 255 255 255
  255 255 255 239]
 [  0  64 255 255 255 255 255 255 255 255 255 255 255 255 255 255 255 255
  255 255 255 231]
 [  0  72 255 255 255 255 255 255 255 255 255 255 255 255 255 255 255 255
  255 255 255 223]
 [  0  80 255 255 255 255 255 255 255 255 255 255 255 255 255 255 255 255
  255 255 255 207]
 [  0  96 255 255 255 255 255 255 255 255 255 255 255 255 255 255 255 255
  255 255 255 199]
 [  0 104 255 255 255 255 255 255 255 255 255 255 255 255 255 255 255 255
  255 255 255 191]
 [  0 112 255 255 255 255 255 255 255 255 255 255 255 255 255 255 255 255
  255 255 255 183]
 [  0  60 252 255 255 255 255 255 255 255 255 255 255 255 255 255 255 255
  255 255 255 167]
 [  0   0 255 255 255 255 255 255 255 255 255 255 255 255 255 255 255 255
  255 255 255 255]
 [  0   0 255 255 255 255 255 255 255 255 255 255 255 255 255 255 255 255
  255 255 255 255]
 [  0   0 255 255 255 138  56  72  80  88  96 112 120 128 143 151 159 167
  183 191 199 117]
 [  0   0   0   0   0   0   0   0   0   0   0   0   0   0   0   0   0   0
    0   0   0   0]]"
127,36,1040_2_50_H3,F,DATA,RECAPTURE_TAXES,1353,1123,1595,1156,2,"[[  0   0   0 ...   0   0   0]
 [  0   0  44 ...  32  16   8]
 [  0   0  96 ... 255 255 255]
 ...
 [  0   0 120 ... 255 255 255]
 [  0   0   0 ... 255 255 255]
 [  0   0   0 ...   0  82 191]]"
128,37,1040_2_51,F,DATA,SOCIAL_SECURITY_TAX_ON_TIP_INCOME,1353,1156,1595,1190,2,"[[  0   0   0 ...   0   0   0]
 [  0   0   0 ...  77   0   0]
 [  0   0 167 ... 251 199 191]
 ...
 [  0   0 199 ... 255 255 255]
 [  0   0   6 ... 255 255 255]
 [  0   0   0 ...   0   0   8]]"
129,38,1040_2_52,F,DATA,TAX_ON_IRA_OR_RETIREMENT_PLAN,1353,1190,1595,1224,2,"[[  0   0   0 ...   0   0   0]
 [  0   0   0 ...   8   0   0]
 [  0   0   0 ... 255 255 255]
 ...
 [  0   0 219 ... 255 255 255]
 [  0   0  14 ... 221 201 255]
 [  0   0   0 ...  28   5  88]]"
130,39,1040_2_53,F,DATA,TOTAL_TAX,1353,1224,1595,1292,2,"[[  0   0   0 ...   0   0   0]
 [  0   0   0 ...   0   0   0]
 [  0   0 159 ...  17  40 178]
 ...
 [  0  24 219 ... 255 255 255]
 [  9   0   0 ... 255 255 255]
 [174   0   0 ...  48 255 255]]"
131,40,1040_2_54_H1,ICON,DATA,FEDERAL_INCOME_TAX_WITHELD_FROM_FORM_1099,949,1302,972,1327,2,"[[  0   0   0   0   0   0   0   0   0   0   0   0   0   0   0   0   0   0
    0   0   0   0   0]
 [  0   0   0   0   0   0   0   0   0   0   0   0   0   0   0   0   0   0
    0   0   0   0   0]
 [  0   0 151 255 247 239 223 215 207 199 183 175 167 151 143 135 128 112
  104  96  80   2   0]
 [  0  22 214 255 255 255 255 255 255 255 255 255 255 255 255 255 255 255
  255 255 255 199   0]
 [  0  48 255 255 255 255 255 255 255 255 255 255 255 255 255 255 255 255
  255 255 255 247   0]
 [  0  56 255 255 255 255 255 255 255 255 255 255 255 255 255 255 255 255
  255 255 255 231   0]
 [  0  72 255 255 255 255 255 255 255 255 255 255 255 255 255 255 255 255
  255 255 255 223   0]
 [  0  80 255 255 255 255 255 255 255 255 255 255 255 255 255 255 255 255
  255 255 255 215   0]
 [  0  88 255 255 255 255 255 255 255 255 255 255 255 255 255 255 255 255
  255 255 255 207   0]
 [  0  96 255 255 255 255 255 255 255 255 255 255 255 255 255 255 255 255
  255 255 255 191   0]
 [  0   0 232 255 255 255 255 255 255 255 255 255 255 255 255 255 255 255
  255 255 255 199  10]
 [  0   0 247 255 255 255 255 255 255 255 255 255 255 255 255 255 255 255
  255 255 255 255  48]
 [  0   0 255 255 255 255 255 255 255 255 255 255 255 255 255 255 255 255
  255 255 255 255  40]
 [  0   0 255 255 255 255 255 255 255 255 255 255 255 255 255 255 255 255
  255 255 255 255  32]
 [  0   0 255 255 255 255 255 255 255 255 255 255 255 255 255 255 255 255
  255 255 255 255  16]
 [  0   0 255 255 255 255 255 255 255 255 255 255 255 255 255 255 255 255
  255 255 255 255   8]
 [  0   0 255 255 255 255 255 255 255 255 255 255 255 255 255 255 255 255
  255 255 255 255   0]
 [  0   0 255 255 255 255 255 255 255 255 255 255 255 255 255 255 255 255
  255 255 255 255   0]
 [  0   0 255 255 255 255 255 255 255 255 255 255 255 255 255 255 255 255
  255 255 255 255   0]
 [  0   0 255 255 255 255 255 255 255 255 255 255 255 255 255 255 255 255
  255 255 255 255   0]
 [  0   0 255 255 255 255 255 255 255 255 255 255 255 255 255 255 255 255
  255 255 255 255   0]
 [  0   0 192 255 255 255 255 255 255 255 255 255 255 255 255 255 255 255
  255 255 255 255   0]
 [  0   0  13  40  48  64  72  80  96 104 112 120 135 143 151 167 175 183
  191 207 215 223   0]
 [  0   0   0   0   0   0   0   0   0   0   0   0   0   0   0   0   0   0
    0   0   0   0   0]
 [  0   0   0   0   0   0   0   0   0   0   0   0   0   0   0   0   0   0
    0   0   0   0   0]]"
132,41,1040_2_54_H2,F,DATA,FEDERAL_INCOME_TAX_WITHELD,1051,1293,1289,1327,2,"[[ 52   0 143 ... 255 255 255]
 [  0 239 255 ... 255 255 255]
 [  0 247 255 ... 255 255 255]
 ...
 [  0   0   0 ... 255 255 143]
 [  0   0   0 ...   0   8   0]
 [  0   0   0 ... 128 120 104]]"
133,42,1040_2_55,F,DATA,ESTIMATED_TAX_PAYMENTS_PLUS_PREVIOUS_RETURNS,1051,1327,1289,1360,2,"[[  0 118 255 ... 255 255 255]
 [  0 255 255 ... 255 255 255]
 [  0 255 255 ... 255 255 255]
 ...
 [  0 239 247 ... 255 255 255]
 [  0   0   0 ... 227 215 223]
 [  0   0   0 ...  37   0   0]]"
134,43,1040_2_56,F,DATA,EARNED_INCOME_CREDIT,1051,1360,1289,1394,2,"[[  0   0   0 ...  48  40  32]
 [ 16 255 255 ... 255 255 255]
 [ 24 255 255 ... 255 255 255]
 ...
 [ 12  56 112 ... 255 255 255]
 [  0   0   0 ... 255 255 255]
 [  0   0   0 ...   0   0   0]]"
135,44,1040_2_57,F,DATA,AMOUNT_PAID_WITH_FORM_4868,1051,1394,1289,1427,2,"[[  0   0  16 ...   0 215 207]
 [  0 160 205 ... 255 255 255]
 [  0 239 255 ... 255 255 255]
 ...
 [  0 255 255 ... 255 255 255]
 [  0 135 143 ... 255 255 231]
 [  0   0   0 ... 127 255 223]]"
136,45,1040_2_58,F,DATA,EXCESS_SOCIAL_SECURITY_TAX_AND_RRTA_TAX_WITHHELD,1051,1427,1289,1461,2,"[[  0   0   0 ...   0   0   0]
 [  0   0   0 ... 143 135 155]
 [  0 255 255 ... 255 255 255]
 ...
 [  0  80  96 ... 255 255 199]
 [  0   0   0 ...  56 237   0]
 [  0   0   0 ...   0   0  48]]"
137,46,1040_2_59,F,DATA,FEDERAL_FUEL_TAX_CREDIT,1051,1461,1289,1494,2,"[[  0  40  24 ... 199 183 255]
 [  8 255 255 ... 255 255 255]
 [ 16 255 255 ... 255 255 255]
 ...
 [ 40 255 255 ... 255 255 255]
 [ 28 159 175 ... 255 255 255]
 [  0   0   0 ... 255 112   0]]"
138,47,1040_2_60,F,DATA,REGULATED_INVESTMENT_COMPANY_CREDIT,1051,1494,1289,1528,2,"[[  0   0   0 ...   8   0   0]
 [  0   0   0 ... 112 208  96]
 [ 88 255 255 ... 255 255 255]
 ...
 [128 255 255 ... 255 255 255]
 [  0   0   0 ...  88 175 255]
 [  0   0   0 ...   0   0   0]]"
139,48,1040_2_61,F,DATA,TOTAL_PAYMENTS,1353,1510,1595,1562,2,"[[  0   0  72 ... 255 255 255]
 [  0   0  80 ... 255 255 255]
 [  0   0 255 ... 255 255 255]
 ...
 [  0   0   0 ... 255 255 255]
 [  0   0   0 ...   0 247 255]
 [  0   0  12 ...  72   8 255]]"
140,49,1040_2_62,F,DATA,OVERPAID_AMOUNT,1353,1562,1595,1596,2,"[[  0   0 125 ... 143 248 255]
 [  0   0  88 ... 151 244 210]
 [  0   0 180 ... 255 254 246]
 ...
 [  0   0  32 ... 199 225 255]
 [  0   0   0 ...   0  25 220]
 [  0   0   0 ...   0   0 207]]"
141,50,1040_2_63,F,DATA,OVERPAID_REFUNDED,1353,1596,1595,1629,2,"[[  0   0  35 ...   0   0  87]
 [  0  30 228 ... 255 255 255]
 [  0  48 255 ... 255 255 255]
 ...
 [  0  72 255 ... 255 255 255]
 [  0   0 123 ... 255 255 255]
 [  0   0   0 ...  16  71 190]]"
142,51,1040_2_64,F,DATA,OVERPAID_APPLIED_TO_FOLLOWING_YEAR,1050,1627,1290,1661,2,"[[255 255 255 ... 255 255   9]
 [255 255 255 ... 255 255 143]
 [255 255 255 ... 255 255 128]
 ...
 [ 48 255 255 ... 255 255  96]
 [ 64 255 255 ... 255 255  88]
 [  9  40  48 ... 175 242  60]]"
143,52,1040_2_65_V1,F,DATA,AMOUNT_OWED,1353,1714,1595,1761,2,"[[  0  11 255 ... 255 255 255]
 [  0 183 255 ... 255 255 255]
 [  0 191 255 ... 255 255 255]
 ...
 [  0   0 223 ... 255 255 255]
 [  0   0 231 ... 255 255 255]
 [  0   0 247 ... 255 255 255]]"
144,53,1040_2_65_H1_V2,ICON,DATA,FORM_2210_2210F_ATTACHED,445,1762,468,1786,2,"[[  0   0   0   0   0   0   0   0   0   0   0   0   0   0   0   0   0   0
    0   0   0   0   0]
 [  0   0   0   0   0   0   0   0   0   0   0   0   0   0   0   0   0   0
    0   0   0   0   0]
 [  0   0   0  64  56   0  32 255 255 255 247 231 223 215 207 191 183  16
  159 151 143  13   0]
 [  0  13 199 255 255 170 255 255 255 255 255 255 255 255 255 255 255 255
  255 255 255 255   0]
 [  0  32 255 255 255 255 255 255 255 255 255 255 255 255 255 255 255 255
  255 255 255 255   0]
 [  0  40 255 255 255 255 255 255 255 255 255 255 255 255 255 255 255 255
  255 255 255 255   0]
 [  0  48 255 255 255 255 255 255 255 255 255 255 255 255 255 255 255 255
  255 255 255 239   0]
 [  0  56 255 255 255 255 255 255 255 255 255 255 255 255 255 255 255 255
  255 255 255 231   0]
 [  0  72 255 255 255 255 255 255 255 255 255 255 255 255 255 255 255 255
  255 255 255 119   0]
 [  0  80 255 255 255 255 255 255 255 255 255 255 255 255 255 255 255 255
  255 255 255   0   0]
 [  0  88 255 255 255 255 255 255 255 255 255 255 255 255 255 255 255 255
  255 255 255 199   0]
 [  0 104 255 255 255 255 255 255 255 255 255 255 255 255 255 255 255 255
  255 255 255 191   0]
 [  0 112 255 255 255 255 255 255 255 255 255 255 255 255 255 255 255 255
  255 255 255 183   0]
 [  0 120 255 255 255 255 255 255 255 255 255 255 255 255 255 255 255 255
  255 255 255 167   0]
 [  0 128 255 255 255 255 255 255 255 255 255 255 255 255 255 255 255 255
  255 255 255 159   0]
 [  0 143 255 255 255 255 255 255 255 255 255 255 255 255 255 255 255 255
  255 255 255 151   0]
 [  0 151 255 255 255 255 255 255 255 255 255 255 255 255 255 255 255 255
  255 255 255 143   0]
 [  0  50 255 255 255 255 255 255 255 255 255 255 255 255 255 255 255 255
  255 255 255 128   0]
 [  0   0 255 255 255 255 255 255 255 255 255 255 255 255 255 255 255 255
  255 255 255 255   0]
 [  0   0 255 255 255 255 255 255 255 255 255 255 255 255 255 255 255 255
  255 255 255 255   0]
 [  0   0 255 255 255 255 255 255 255 255 255 255 255 255 255 255 255 255
  255 255 255 255   0]
 [  0   0 255 255 255 255 255 177 159 167 183 191 199 215 223 248 255 255
  255 255 255 114   0]
 [  0   0   0   0   0   8 180   5   0   0   0   0   0   0   0  80 120 128
  135 151 159  52   0]
 [  0   0   0   0   0   0   0   0   0   0   0   0   0   0   0   0   0   0
    0   0   0   0   0]]"
145,54,1040_2_65_H2_V2,F,DATA,PENALTY_OWED,1012,1761,1290,1797,2,"[[255 255 255 ... 255 255 104]
 [255 255 255 ... 255 255  88]
 [255 255 255 ... 255 255  80]
 ...
 [255 255 255 ... 255 255  60]
 [255 255 255 ... 255   0  90]
 [233 255 255 ... 255 123 247]]"
146,55,1040_2_S_H1_V1,ICON,DATA,SIGNATURE,325,1878,909,1929,2,"[[255 255 255 ... 255 120   0]
 [255 255 255 ... 255 112   0]
 [255 255 231 ... 255  96   0]
 ...
 [ 88 189  88 ... 255 143   0]
 [  0   0   0 ... 255 135   0]
 [  0   0   0 ... 255 128   0]]"
147,56,1040_2_S_H2_V1,A,DATA,SIGNED_DATE,909,1878,1088,1929,2,"[[  0   0 255 ... 255 255 255]
 [  0  16 255 ... 255 255 255]
 [  0  24 255 ... 255 255 255]
 ...
 [  0   0 255 ... 255 255 255]
 [  0   0 255 ... 255 255 255]
 [  0   0 136 ... 255 255 255]]"
148,57,1040_2_S_H3_V1,A,DATA,OCCUPATION,1090,1878,1595,1929,2,"[[  0   0 255 ... 255 255 255]
 [  0   0 255 ... 255 255 255]
 [  0   8 255 ... 255 255 255]
 ...
 [  0 207 255 ... 255 255 255]
 [  0 209 255 ... 255 255 255]
 [  0   0 128 ... 255 255 255]]"
149,58,1040_2_S_H1_V2,ICON,DATA,SPOUSE_SIGNATURE,325,1949,909,1996,2,"[[255 255 255 ... 255   0   0]
 [255 255 255 ... 255   0   0]
 [255 255 255 ... 255   0   0]
 ...
 [255 112 196 ... 255   0   0]
 [  0   0   0 ... 255   0   0]
 [  0   0   0 ... 255   0   0]]"
150,59,1040_2_S_H2_V2,A,DATA,SPOUSE_SIGNED_DATE,909,1949,1088,1996,2,"[[  0 207 255 ... 255 255 255]
 [  0 215 255 ... 255 255 255]
 [  0 223 255 ... 255 255 255]
 ...
 [  0 135 255 ... 255 255 255]
 [  0 112 255 ... 255 255 255]
 [  0   0  96 ... 255 255 183]]"
151,60,1040_2_S_H3_V2,A,DATA,SPOUSE_OCCUPATION,1090,1949,1595,1996,2,"[[  0 183 255 ... 255 255 255]
 [  0 191 255 ... 255 255 255]
 [  0 207 255 ... 255 255 255]
 ...
 [  0 112 255 ... 255 255 255]
 [  0  19 249 ... 255 255 255]
 [  0   0   0 ... 255 255 255]]"
152,61,1040_2_S_H1_V3,ICON,DATA,PREPARER_SIGNATURE,411,1996,909,2062,2,"[[  0   0   0 ... 159 207  47]
 [  2   0   0 ...   0  37  40]
 [154 255 234 ... 213   0   0]
 ...
 [255 255 255 ... 255 229   0]
 [255 255 255 ... 255  80   0]
 [143 159 167 ... 255  72   0]]"
153,62,1040_2_S_H2_V3,A,DATA,PREPARER_SIGNED_DATE,909,2014,1088,2062,2,"[[  0  85  47 ... 255 255 255]
 [  0   0   0 ... 255 255 255]
 [  0   0   0 ... 255 255 255]
 ...
 [  0  32 255 ... 255 255 252]
 [  0  40 255 ... 255 255 239]
 [  0  54 255 ... 255 255 255]]"
154,63,1040_2_S_H3_V3,ICON,DATA,PREPARER_SELF_EMPLOYED,1268,2032,1298,2059,2,"[[  0   0   0   0   0   0   0   0   0   0   0   0   0   0   0   0   0   0
    0   0   0   0   0   0   0   0   0   0   0   0]
 [  0   0   0   0   0 255 149 255 255 255 255   0   0   0   0   0   0   0
    0   0   0 215 207 191 183   0   0   0   0   8]
 [  0   0 223 255 255 255 255 255 255 255 255 137   0   0   0   0   0   0
    0  23 205 255 255 255 255 255  88   0   0  32]
 [  0   0 231 255 255 255 255 255 255 255 255 137   0   0   0   0   0   0
    0  64 255 255 255 255 255 255  80   0   0  40]
 [  0   0 239 255 255 255 255 255 255 255 255   0   0   0   0   0   0 255
  255 255 255 255 255 255 255 255  72   0   0  48]
 [  0   0 255 255 255 255 255 255 255 255 197   0   0   0   0   0   0 255
  255 255 255 255 255 255 255 255  64   0   0  56]
 [  0   0 255 255 255 255 255 255 255 162   4   0   0   0   0   0   0 255
  255 255 255 255 255 255 255 255  48   0   0  72]
 [  0   0 255 255 255 255 255 255 175   0   0   0   0   0   0   0   0 255
  255 255 255 255 255 255 255 255  40   0   0  80]
 [  0   0 255 255 255 255 241  40   0   0   0   0   0   0   0   0   0 255
  255 255 255 255 255 255 255 255  32   0   0  88]
 [  0   0 255 255 255 190   0   0   0   0   0  22 255 120   0   0   0  24
  255 255 255 255 255 255 255 255  24   0   0  96]
 [  0   0 249 255 218   8   0   0   0   0  16 219 255 192   0   0   0   0
    8 255 255 255 255 255 255 255  16   0   0 112]
 [  0   0  56 255 207   0   0   0  11 187 255 255 255 255   0   0   0   0
    2 164 255 255 255 255 255 255 135   0   0  71]
 [  0   0  64 255 191   0   0   0 203 255 255 255 255 255 108   0   0   0
    0 151 255 255 255 255 255 255 247   0   0   0]
 [  0   0  80 255 212  96  20 209 255 255 255 255 255 255 207   0   0   0
    0 159 255 255 255 255 255 255 239   0   0   0]
 [  0   0  88 255 255 255 222 255 255 255 255 255 255 255 227  31   0   0
    0   0 255 255 255 255 255 255 231   0   0   0]
 [  0   0  96 255 255 255 255 255 255 255 255 255 255 255 255  64   0   0
    0   0 112 255 255 255 255 255 215   0   0   0]
 [  0   0 104 255 255 255 255 255 255 255 255 255 255 255 255 255   0   0
    0   0  50 242 255 255 255 255 207   0   0   0]
 [  0   0 120 255 255 255 255 255 255 255 255 255 255 255 255 255 153   0
    0   0   0 199 255 255 255 255 199   0   0   0]
 [  0   0 128 255 255 255 255 255 255 255 255 255 255 255 255 255 167   0
    0   0   0 207 255 255 255 255 191   0   0   0]
 [  0   0 135 255 255 255 255 255 255 255 255 255 255 255 255 255 239 207
  199 183 175 241 255 255 255 255 175   0   0   0]
 [  0   0 143 255 255 255 255 255 255 255 255 255 255 255 255 255 255 255
  255 255 255 255 255 255 255 255 167   0   0   0]
 [  0   0 159 255 255 255 255 255 255 255 255 255 255 255 255 255 255 255
  255 255 255 255 255 255 255 255 159   0   0   0]
 [  0   0 167 255 255 255 255 255 255 255 255 255 255 255 255 255 255 255
  255 255 255 255 255 255 255 255 151   0   0   0]
 [  0   0 175 255 255 255 255 255 255 255 255 255 255 255 255 255 255 255
  255 255 255 255 255 255 255 255 135   0   0   0]
 [  0   0 183 255 255 255 255 255 255 255 255 255 255 255 255 255 255 255
  255 255 255 255 255 255 255 255 128   0   0   0]
 [  0   0 126 195  64 199 207 215 223 194 170 255 255 255 255 255 255 255
  255 239 190 255 255 255 255 255 120   0   0   0]
 [  0   0   0  13  14   0   0   0   0   0   0   0   0   0   0   0   0   0
    0   0   0   0   0   0  16  24  14   0   0   6]]"
155,64,1040_2_S_H4_V3,A,SSN,PREPARER_SSN,1312,2019,1595,2064,2,"[[  0  96 255 ... 255 255 255]
 [  0 104 255 ... 255 255 255]
 [  0 120 255 ... 255 255 255]
 ...
 [128 255 255 ... 255 255 255]
 [130 247 255 ... 255 255 255]
 [  0  11 128 ... 255 255 255]]"
156,65,1040_2_S_H1_V4,A,DATA,PREPARER_FIRM_NAME,526,2063,1169,2096,2,"[[  0   0   0 ...   4   0   0]
 [255 255  32 ... 255 255   0]
 [255 255 255 ... 255 255   0]
 ...
 [255 255 255 ... 255 255 223]
 [109  40  48 ... 255 255 215]
 [  0   0   0 ... 255 255 181]]"
157,66,1040_2_S_H2_V4,A,DATA,PREPARER_EI_NUM,1268,2064,1595,2097,2,"[[255 255 255 ... 255 146 255]
 [167  71   0 ...  35   0 207]
 [  0   0   0 ...   0   0 215]
 ...
 [255 255 255 ... 255 255 255]
 [255 255 255 ... 255 255 255]
 [128 135 143 ... 193 255 255]]"
158,67,1040_2_S_H1_V5,A,DATA,PREPARER_FIRM_ADDRESS,526,2096,1169,2131,2,"[[  0   0   0 ...  80  96   0]
 [  0   0   0 ...   0   0  24]
 [215 207 191 ... 167 159 255]
 ...
 [  0 128 135 ... 255 255  96]
 [  0   0   0 ... 255 247   0]
 [  0   0   0 ... 175 173   0]]"
159,68,1040_2_S_H2_V5,A,DATA,PREPARER_ZIP_CODE,1268,2098,1595,2131,2,"[[ 75   0 104 ...  82 255 255]
 [252 239 255 ...  95 255 255]
 [255 255 255 ...  56 184 255]
 ...
 [255 255 247 ... 255 255 255]
 [255 255 112 ... 186 255 255]
 [  0   0   0 ...  80 255 255]]"
